URL,Title,Image,Price,Rating,Keywords
Los Angeles Lakers Official NBA Nylon Trifold Wallet L A by Rico Industries,Los Angeles Lakers Official NBA Nylon Trifold Wallet L.A. by Rico Industries,http://i.ebayimg.com/images/g/pj8AAOSwWTRWx3PT/s-l300.jpg,US $8.07,No rating available,Los
,,,,,Angeles
,,,,,Lakers
,,,,,Official
,,,,,NBA
,,,,,Trifold
,,,,,Wallet
,,,,,Industries
,,,,,LA
LA Lakers Knit Beanie Toque Skull Cap Winter Hat NEW NBA ADIDAS trim stripes,LA Lakers Knit Beanie Toque Skull Cap Winter Hat NEW NBA - ADIDAS - trim stripes,http://i.ebayimg.com/images/g/WPkAAOSwTA9X9whe/s-l300.jpg,US $14.95,No rating available,LA
,,,,,Lakers
,,,,,Knit
,,,,,Beanie
,,,,,Cap
,,,,,Winter
,,,,,Hat
,,,,,NEW
,,,,,NBA
,,,,,ADIDAS
,,,,,stripes
Los Angeles Lakers NBA 16 x 4 Plastic Street Sign L A Rico Industries ,"Los Angeles Lakers NBA 16"" x 4"" Plastic Street Sign L.A. Rico Industries",http://i.ebayimg.com/images/g/2jYAAOSw8gVX3Gj5/s-l300.jpg,US $6.95,No rating available,Los
,,,,,Angeles
,,,,,Lakers
,,,,,NBA
,,,,,Plastic
,,,,,Street
,,,,,Sign
,,,,,Industries
,,,,,LA
Los Angeles Lakers Vintage Snapback HAT NWT,Los Angeles Lakers Vintage Snapback HAT- NWT,"http://i.ebayimg.com/images/a/(KGrHqR,!qwE+nTwyO3OBQN(lwzMQg~~/s-l300.jpg",US $15.55,No rating available,Los
,,,,,Angeles
,,,,,Lakers
,,,,,Vintage
,,,,,Snapback
,,,,,HAT
,,,,,HAT
LA LAKERS Grey And Black Backpack 18 5 inches ,LA LAKERS Grey And Black Backpack 18.5 inches,http://i.ebayimg.com/images/g/mmsAAOSwcLxYIjA1/s-l300.jpg,US $14.99,No rating available,LA
,,,,,LAKERS
,,,,,Grey
,,,,,Black
,,,,,Backpack
New York NY Knicks T Shirt Winning Tactic Short Sleeve Tee,New York NY Knicks T-Shirt Winning Tactic Short Sleeve Tee,http://i.ebayimg.com/images/g/uqkAAOSwx2dYCS0V/s-l300.jpg,US $21.95,No rating available,New
,,,,,York
,,,,,NY
,,,,,Knicks
,,,,,T
,,,,,Shirt
,,,,,Winning
,,,,,Tactic
,,,,,Short
,,,,,Sleeve
,,,,,Tee
,,,,,TShirt
New York Knicks NBA logo Pin ,New York Knicks NBA logo Pin,http://i.ebayimg.com/images/g/mCQAAOSwXeJYCBpS/s-l300.jpg,US $4.99,No rating available,New
,,,,,York
,,,,,Knicks
,,,,,NBA
,,,,,logo
,,,,,Pin
New York Knicks Official NBA 8 x 32 Heritage Banner Flag NY by Winning Streak ,"New York Knicks Official NBA 8"" x 32"" Heritage Banner Flag NY by Winning Streak",http://i.ebayimg.com/images/g/R5IAAOSwL7VWhrX~/s-l300.jpg,US $22.43,No rating available,New
,,,,,York
,,,,,Knicks
,,,,,Official
,,,,,NBA
,,,,,Heritage
,,,,,Banner
,,,,,Flag
,,,,,NY
,,,,,Winning
,,,,,Streak
New York Knicks New Era NBA Team Logo Fitted 59FIFTY Cap NWT Mens Sizes ,New York Knicks New Era NBA Team Logo Fitted 59FIFTY Cap NWT Men&apos;s Sizes,http://i.ebayimg.com/images/g/WZ0AAOSw~gRV38OW/s-l300.jpg,US $13.95,No rating available,New
,,,,,York
,,,,,Knicks
,,,,,New
,,,,,Era
,,,,,NBA
,,,,,Team
,,,,,Logo
,,,,,Fitted
,,,,,Cap
,,,,,Mens
New York NY Knicks Throw Blanket Afghan Tapestry,New York NY Knicks Throw Blanket Afghan Tapestry,http://i.ebayimg.com/images/g/oDsAAOSwLnBX7qWB/s-l300.jpg,US $46.95,No rating available,New
,,,,,York
,,,,,NY
,,,,,Knicks
,,,,,Throw
,,,,,Blanket
,,,,,Tapestry
Chicago Bulls adidas Lifestyle Bucket Hat Black NBA,Chicago Bulls adidas Lifestyle Bucket Hat - Black - NBA,http://i.ebayimg.com/images/g/Yk8AAOSwL7VWmP-W/s-l300.jpg,US $25.99,No rating available,Chicago
,,,,,Bulls
,,,,,adidas
,,,,,Lifestyle
,,,,,Bucket
,,,,,Hat
,,,,,Black
,,,,,NBA
Chicago Bulls NBA Banner Flag 3 x 5 36 x 60 NEW ,"Chicago Bulls NBA Banner Flag 3&apos; x 5&apos; (36"" x 60"") ~ NEW",http://i.ebayimg.com/images/g/M9EAAOSwEK9W~YfG/s-l300.jpg,US $19.95,No rating available,Chicago
,,,,,Bulls
,,,,,NBA
,,,,,Banner
,,,,,Flag
,,,,,NEW
Chicago Bulls Mascot Mat NBA Logo Floor Rug Carpet ,Chicago Bulls Mascot Mat NBA Logo Floor Rug Carpet,http://i.ebayimg.com/images/g/zUcAAOSwzaJX~7kL/s-l300.jpg,US $37.24,No rating available,Chicago
,,,,,Bulls
,,,,,Mascot
,,,,,Mat
,,,,,NBA
,,,,,Logo
,,,,,Floor
,,,,,Rug
,,,,,Carpet
Chicago Bulls Round Chrome Wall Clock,Chicago Bulls Round Chrome Wall Clock,http://i.ebayimg.com/images/g/WwQAAOSwHsRYEKbb/s-l300.jpg,US $51.98,No rating available,Chicago
,,,,,Bulls
,,,,,Round
,,,,,Chrome
,,,,,Wall
,,,,,Clock
Chicago Bulls Men Socks size 10 13 Brand New ,Chicago Bulls Men Socks size 10-13 Brand New,http://i.ebayimg.com/images/g/8i8AAOSw-CpYAjbY/s-l300.jpg,US $9.95,No rating available,Chicago
,,,,,Bulls
,,,,,Men
,,,,,Socks
,,,,,Brand
,,,,,New
NBA NWT KEYCHAIN LANYARD GOLDEN STATE WARRIORS ,NBA NWT KEYCHAIN LANYARD- GOLDEN STATE WARRIORS,http://i.ebayimg.com/images/g/LAsAAOSw-4BXYc2V/s-l300.jpg,US $7.95,5.0 out of 5 stars,NBA
,,,,,KEYCHAIN
,,,,,LANYARD
,,,,,GOLDEN
,,,,,STATE
,,,,,WARRIORS
,,,,,LANYARD
Golden State Warriors New Era NBA HWC 9FIFTY Mens Adjustable Snapback Cap Hat ,Golden State Warriors New Era NBA HWC 9FIFTY Men&apos;s Adjustable Snapback Cap Hat,http://i.ebayimg.com/images/g/iRIAAOSwaA5WjXFx/s-l300.jpg,US $14.95,5.0 out of 5 stars,Golden
,,,,,State
,,,,,Warriors
,,,,,New
,,,,,Era
,,,,,NBA
,,,,,Mens
,,,,,Adjustable
,,,,,Snapback
,,,,,Cap
,,,,,Hat
Golden State Warriors Jewelry Bracelet NBA Basketball Charm NEW,Golden State Warriors Jewelry Bracelet NBA Basketball Charm NEW,http://i.ebayimg.com/images/g/QvAAAOSwxB9YF2h~/s-l300.jpg,US $8.95,5.0 out of 5 stars,Golden
,,,,,State
,,,,,Warriors
,,,,,Jewelry
,,,,,Bracelet
,,,,,NBA
,,,,,Basketball
,,,,,Charm
,,,,,NEW
Golden State Warriors 8 x 32 Heritage Banner Flag Golden State Winning Streak ,"Golden State Warriors 8"" x 32"" Heritage Banner Flag Golden State Winning Streak",http://i.ebayimg.com/images/g/k7YAAOSwHQ9Wbvdd/s-l300.jpg,US $22.73,5.0 out of 5 stars,Golden
,,,,,State
,,,,,Warriors
,,,,,Heritage
,,,,,Banner
,,,,,Flag
,,,,,Golden
,,,,,State
,,,,,Winning
,,,,,Streak
Golden State Warriors 2015 NBA Champions 12 x 20 Framed Trophy Signature Photo ,"Golden State Warriors 2015 NBA Champions 12 x 20 Framed ""Trophy"" Signature Photo",http://i.ebayimg.com/images/g/xQ4AAOSwMmBViN0F/s-l300.jpg,US $49.95,No rating available,Golden
,,,,,State
,,,,,Warriors
,,,,,NBA
,,,,,Champions
,,,,,Framed
,,,,,Trophy
,,,,,Signature
,,,,,Photo
,,,,,Trophy
San Antonio Spurs 2005 NBA Finals Champions Team Celebration Photo Select Size,San Antonio Spurs 2005 NBA Finals Champions Team Celebration Photo (Select Size),http://i.ebayimg.com/images/g/02IAAOSwd4tTs2qS/s-l300.jpg,US $13.99,No rating available,San
,,,,,Antonio
,,,,,Spurs
,,,,,NBA
,,,,,Finals
,,,,,Champions
,,,,,Team
,,,,,Celebration
,,,,,Photo
NBA San Antonio Spurs Car Flag ,NBA San Antonio Spurs Car Flag,http://i.ebayimg.com/images/g/TjIAAOSwx2dYFa8Z/s-l300.jpg,US $12.59,No rating available,NBA
,,,,,San
,,,,,Antonio
,,,,,Spurs
,,,,,Car
,,,,,Flag
NBA NWT HEAD REST COVERS SET OF 2 SAN ANTONIO SPURS ,NBA NWT HEAD REST COVERS -SET OF 2- SAN ANTONIO SPURS,http://i.ebayimg.com/images/g/p2gAAOSwQJ5USriH/s-l300.jpg,US $16.95,No rating available,NBA
,,,,,HEAD
,,,,,REST
,,,,,COVERS
,,,,,SET
,,,,,SAN
,,,,,ANTONIO
,,,,,SPURS
,,,,,SET
San Antonio Spurs TEE SHIRT CLIMALITE 100 POLYESTER SIZE S M L XL 2XL NWT NEW ,San Antonio Spurs TEE SHIRT CLIMALITE 100% POLYESTER SIZE S M L XL 2XL NWT NEW,http://i.ebayimg.com/images/g/Z0kAAOSwstxVRBcv/s-l300.jpg,US $15.45,No rating available,San
,,,,,Antonio
,,,,,Spurs
,,,,,TEE
,,,,,SHIRT
,,,,,NEW
San Antonio Spurs New Era NBA HWC Tri All Print 9FIFTY Snapback Cap Hat ,San Antonio Spurs New Era NBA HWC Tri-All Print 9FIFTY Snapback Cap Hat,http://i.ebayimg.com/images/g/suAAAOSwoydWlTPf/s-l300.jpg,US $17.95,5.0 out of 5 stars,San
,,,,,Antonio
,,,,,Spurs
,,,,,New
,,,,,Era
,,,,,NBA
,,,,,Tri
,,,,,Print
,,,,,Snapback
,,,,,Cap
,,,,,Hat
,,,,,TriAll
Throwback Swingman Basketball Jersey MICHAEL JORDAN 23 Chicago Bulls Red Youth ,Throwback Swingman Basketball Jersey MICHAEL JORDAN 23 Chicago Bulls Red Youth,http://i.ebayimg.com/images/g/-f0AAOSwHQ9WYChs/s-l300.jpg,US $39.59,5.0 out of 5 stars,Swingman
,,,,,Basketball
,,,,,Jersey
,,,,,MICHAEL
,,,,,JORDAN
,,,,,Chicago
,,,,,Bulls
,,,,,Red
,,,,,Youth
1986 MICHAEL JORDAN Fleer ROOKIE Card Special Edition Gem Mint 10 RARE,1986 MICHAEL JORDAN Fleer ROOKIE Card (Special Edition) - Gem-Mint 10 *RARE*,http://i.ebayimg.com/images/g/W7AAAOSwstxU~c74/s-l300.jpg,US $7.95,5.0 out of 5 stars,MICHAEL
,,,,,JORDAN
,,,,,ROOKIE
,,,,,Card
,,,,,Special
,,,,,Edition
,,,,,Gem
,,,,,Mint
,,,,,RARE
,,,,,Special
,,,,,Edition
,,,,,RARE
Michael Jordan Famous Foul Line Dunk Vintage Sports Poster Print 23x34 inch,Michael Jordan Famous Foul Line Dunk Vintage Sports Poster Print 23x34 inch,http://i.ebayimg.com/images/g/E1wAAOSwKtVWxq7O/s-l300.jpg,US $10.95,5.0 out of 5 stars,Michael
,,,,,Jordan
,,,,,Famous
,,,,,Line
,,,,,Dunk
,,,,,Vintage
,,,,,Sports
,,,,,Poster
,,,,,Print
24x36 Michael Jordan Wings Collage Vintage Sports Poster Print By Generic ,(24x36) Michael Jordan Wings Collage Vintage Sports Poster Print By Generic,http://i.ebayimg.com/images/g/ebsAAOSwcLxYJSIb/s-l300.jpg,US $34.99,No rating available,Michael
,,,,,Jordan
,,,,,Wings
,,,,,Collage
,,,,,Vintage
,,,,,Sports
,,,,,Poster
,,,,,Print
,,,,,Generic
1999 Upper Deck Century Legends Basketball 83 Michael Jordan Chicago Bulls,1999 Upper Deck Century Legends Basketball #83 Michael Jordan Chicago Bulls,http://i.ebayimg.com/images/g/1rkAAOSwLF1X6NRK/s-l300.jpg,US $3.00,No rating available,Upper
,,,,,Deck
,,,,,Century
,,,,,Legends
,,,,,Basketball
,,,,,Michael
,,,,,Jordan
,,,,,Chicago
,,,,,Bulls
Stephen Curry 30 NBA Golden State Warriors Drawstring Backpack Gym bag ,Stephen Curry #30 NBA Golden State Warriors Drawstring Backpack/Gym bag,http://i.ebayimg.com/images/g/EIwAAOSwal5YHNF0/s-l300.jpg,US $12.75,5.0 out of 5 stars,Stephen
,,,,,Curry
,,,,,NBA
,,,,,Golden
,,,,,State
,,,,,Warriors
,,,,,Drawstring
,,,,,Backpack
,,,,,Gym
,,,,,bag
,,,,,BackpackGym
Basketball Bracelet STEPHEN CURRY Wristband Strap adjustable Baller Band Ring,Basketball Bracelet STEPHEN CURRY Wristband Strap adjustable Baller Band Ring,http://i.ebayimg.com/images/g/3B0AAOSwXeJXc4Dr/s-l300.jpg,US $13.98,5.0 out of 5 stars,Basketball
,,,,,Bracelet
,,,,,STEPHEN
,,,,,CURRY
,,,,,Wristband
,,,,,Strap
,,,,,adjustable
,,,,,Baller
,,,,,Band
,,,,,Ring
STEPHEN CURRY 2009 10 PANINI PRESTIGE ROOKIE RC 207 GOLDEN STATE WARRIORS ,STEPHEN CURRY 2009-10 PANINI PRESTIGE ROOKIE RC #207 GOLDEN STATE WARRIORS,http://i.ebayimg.com/images/g/LoIAAOSwKOJYIRtF/s-l300.jpg,US $16.73,5.0 out of 5 stars,STEPHEN
,,,,,CURRY
,,,,,PANINI
,,,,,ROOKIE
,,,,,GOLDEN
,,,,,STATE
,,,,,WARRIORS
Golden State Warriors Stephen Curry 2015 Poster Print 22x34 NBA Steph ,Golden State Warriors - Stephen Curry 2015 Poster Print 22x34 NBA Steph,http://i.ebayimg.com/images/g/OlwAAOSw2GlXD1Hm/s-l300.jpg,US $8.99,5.0 out of 5 stars,Golden
,,,,,State
,,,,,Warriors
,,,,,Stephen
,,,,,Curry
,,,,,Poster
,,,,,Print
,,,,,NBA
New Golden State Warriors Jersey T Shirt MVP Stephen Curry or Klay Thompson 2016 ,New Golden State Warriors Jersey T-Shirt MVP Stephen Curry or Klay Thompson 2016,http://i.ebayimg.com/images/g/yicAAOSwzJ5XYI7g/s-l300.jpg,US $11.99,5.0 out of 5 stars,New
,,,,,Golden
,,,,,State
,,,,,Warriors
,,,,,Jersey
,,,,,T
,,,,,Shirt
,,,,,Stephen
,,,,,Curry
,,,,,Thompson
,,,,,TShirt
2016 PANINI NATIONAL KOBE BRYANT LEGEND THICK ANGULAR FOIL 95 99 LAKERS ,2016 PANINI NATIONAL KOBE BRYANT LEGEND THICK ANGULAR FOIL 95/99 LAKERS,http://i.ebayimg.com/images/g/iLsAAOSwaB5XrSWE/s-l300.jpg,US $4.99,5.0 out of 5 stars,PANINI
,,,,,NATIONAL
,,,,,KOBE
,,,,,BRYANT
,,,,,LEGEND
,,,,,THICK
,,,,,FOIL
,,,,,LAKERS
Kobe Bryant Los Angeles Lakers 8 Retro Throwback Basketball Jersey ,Kobe Bryant Los Angeles Lakers #8 Retro Throwback Basketball Jersey,http://i.ebayimg.com/images/g/wVEAAOSw3mpXM6jH/s-l300.jpg,US $19.99,5.0 out of 5 stars,Kobe
,,,,,Bryant
,,,,,Los
,,,,,Angeles
,,,,,Lakers
,,,,,Retro
,,,,,Throwback
,,,,,Basketball
,,,,,Jersey
Kobe Bryant Los Angeles Lakers 1998 Starting Lineup Kenner Statue Figure Card ,Kobe Bryant Los Angeles Lakers 1998 Starting Lineup Kenner Statue Figure & Card!,http://i.ebayimg.com/images/g/JT8AAOSw5VZXBGRu/s-l300.jpg,US $7.95,No rating available,Kobe
,,,,,Bryant
,,,,,Los
,,,,,Angeles
,,,,,Lakers
,,,,,Lineup
,,,,,Kenner
,,,,,Statue
,,,,,Figure
,,,,,Card
,,,,,Card
Kobe Bryant Basketball Star Fabric poster 32 x 13 Decor 168 ,"Kobe Bryant Basketball Star Fabric poster 32"" x 13"" Decor 168",http://i.ebayimg.com/images/g/tWgAAOSw9NxTuLvw/s-l300.jpg,US $7.99,No rating available,Kobe
,,,,,Bryant
,,,,,Basketball
,,,,,Star
,,,,,Fabric
,,,,,poster
,,,,,Decor
Kobe Bryant Set Los Angeles Lakers Basketball NBA 13x19 Art POSTER ,Kobe Bryant Set Los Angeles Lakers Basketball NBA 13x19 Art POSTER,http://i.ebayimg.com/images/g/MKoAAOSwbqpT3ovr/s-l300.jpg,US $5.30,No rating available,Kobe
,,,,,Bryant
,,,,,Set
,,,,,Los
,,,,,Angeles
,,,,,Lakers
,,,,,Basketball
,,,,,NBA
,,,,,Art
,,,,,POSTER
2012 13 Panini Signatures Stars 296 Joakim Noah Chicago Bulls Basketball Card ,2012-13 Panini Signatures Stars #296 Joakim Noah Chicago Bulls Basketball Card,http://i.ebayimg.com/images/g/ng0AAOSwB09YJj6U/s-l300.jpg,US $19.00,No rating available,Panini
,,,,,Signatures
,,,,,Stars
,,,,,Joakim
,,,,,Noah
,,,,,Chicago
,,,,,Bulls
,,,,,Basketball
,,,,,Card
Joakim Noah 25 Prime Triple 3 Color Patch 2012 13 National Treasures Jersey ,Joakim Noah /25 Prime Triple 3 Color Patch 2012-13 National Treasures Jersey,http://i.ebayimg.com/images/g/FOcAAOSwLF1X8eYY/s-l300.jpg,US $22.50,No rating available,Joakim
,,,,,Noah
,,,,,Prime
,,,,,Triple
,,,,,Color
,,,,,Patch
,,,,,National
,,,,,Treasures
,,,,,Jersey
NBA CHICAGO BULLS Joakim Noah Jersey 13 Red NBA Adidas ,NBA CHICAGO BULLS Joakim Noah Jersey # 13 Red NBA Adidas,http://i.ebayimg.com/images/g/a-8AAOSwjXRXZWI3/s-l300.jpg,US $10.95,No rating available,NBA
,,,,,CHICAGO
,,,,,BULLS
,,,,,Joakim
,,,,,Noah
,,,,,Jersey
,,,,,Red
,,,,,NBA
,,,,,Adidas
2007 08 topps chrome refractors 146 JOAKIM NOAH bulls rookie BGS BCCG 10 ,2007-08 topps chrome refractors #146 JOAKIM NOAH bulls rookie BGS BCCG 10,http://i.ebayimg.com/images/g/wpsAAOSwPe1UBhmh/s-l300.jpg,US $15.00,No rating available,topps
,,,,,chrome
,,,,,refractors
,,,,,JOAKIM
,,,,,NOAH
,,,,,bulls
,,,,,rookie
2012 13 Chicago Bulls Program Joakim Noah Cover Luol Deng Poster Inside NM ,2012-13 Chicago Bulls Program Joakim Noah Cover Luol Deng Poster Inside NM,http://i.ebayimg.com/images/g/~Z8AAOxyXp5SSgAO/s-l300.jpg,US $15.95,No rating available,Chicago
,,,,,Bulls
,,,,,Program
,,,,,Joakim
,,,,,Noah
,,,,,Cover
,,,,,Poster
,,,,,Inside
Lot 5 1997 Topps Tim Duncan Rookie Rc card 115 San Antonio Spurs ,Lot (5) 1997 Topps Tim Duncan Rookie Rc card # 115 San Antonio Spurs,http://i.ebayimg.com/images/g/UDYAAOSw4GVYG7ki/s-l300.jpg,US $10.00,5.0 out of 5 stars,Lot
,,,,,Topps
,,,,,Tim
,,,,,Duncan
,,,,,Rookie
,,,,,card
,,,,,San
,,,,,Antonio
,,,,,Spurs
Tim Duncan San Antonio Spurs adidas Fashion Swingman Jersey L Brand New ,Tim Duncan San Antonio Spurs adidas Fashion Swingman Jersey L Brand New,http://i.ebayimg.com/images/g/wI8AAOSwHMJYHhED/s-l300.jpg,US $49.99,5.0 out of 5 stars,Tim
,,,,,Duncan
,,,,,San
,,,,,Antonio
,,,,,Spurs
,,,,,adidas
,,,,,Fashion
,,,,,Swingman
,,,,,Jersey
,,,,,Brand
,,,,,New
Tim Duncan San Antonio Spurs Basketball Star Framed Canvas ,Tim Duncan San Antonio Spurs Basketball Star Framed Canvas,http://i.ebayimg.com/images/g/-fYAAOSwXeJYI7~V/s-l300.jpg,US $19.95,5.0 out of 5 stars,Tim
,,,,,Duncan
,,,,,San
,,,,,Antonio
,,,,,Spurs
,,,,,Basketball
,,,,,Star
,,,,,Framed
,,,,,Canvas
Tim Duncan San Antonio Spurs Basketball Sport Giant Wall Print POSTER ,Tim Duncan San Antonio Spurs Basketball Sport Giant Wall Print POSTER,http://i.ebayimg.com/images/g/IfAAAOSwB09YG66e/s-l300.jpg,C $7.95,5.0 out of 5 stars,Tim
,,,,,Duncan
,,,,,San
,,,,,Antonio
,,,,,Spurs
,,,,,Basketball
,,,,,Sport
,,,,,Giant
,,,,,Wall
,,,,,Print
,,,,,POSTER
SAN Antonio spurs t shirt 2t Tim Duncan 21 ,SAN Antonio spurs t shirt 2t Tim Duncan 21,http://i.ebayimg.com/images/g/j8cAAOSwx2dYII2p/s-l300.jpg,US $7.50,5.0 out of 5 stars,SAN
,,,,,Antonio
,,,,,spurs
,,,,,t
,,,,,shirt
,,,,,Tim
,,,,,Duncan
Majestic New England Patriots Red Critical Victory Pullover Hoodie,Majestic New England Patriots Red Critical Victory Pullover Hoodie,http://i.ebayimg.com/images/g/LPcAAOSwepZXRkJk/s-l300.jpg,US $54.99,5.0 out of 5 stars,Majestic
,,,,,New
,,,,,England
,,,,,Patriots
,,,,,Red
,,,,,Critical
,,,,,Victory
,,,,,Pullover
,,,,,Hoodie
2014 NFL Super Bowl 49 XLIX Champions New England Patriots Large Premium Pennant ,2014 NFL Super Bowl 49 XLIX Champions New England Patriots Large Premium Pennant,http://i.ebayimg.com/images/g/TtAAAOSwKtlWmVVO/s-l300.jpg,US $6.95,No rating available,NFL
,,,,,Super
,,,,,Bowl
,,,,,Champions
,,,,,New
,,,,,England
,,,,,Patriots
,,,,,Large
,,,,,Premium
,,,,,Pennant
New England Patriots XLIX 2015 NFL Super Bowl Champions 2oz Shot Glass ,New England Patriots XLIX 2015 NFL Super Bowl Champions 2oz Shot Glass,http://i.ebayimg.com/images/g/PwEAAOSwEeFVNsWc/s-l300.jpg,US $6.95,5.0 out of 5 stars,New
,,,,,England
,,,,,Patriots
,,,,,NFL
,,,,,Super
,,,,,Bowl
,,,,,Champions
,,,,,Shot
,,,,,Glass
50 x 60 New England Patriots Marquee Fleece Throw Blankets FREE SHIPPING,"50"" x 60"" New England Patriots Marquee Fleece Throw Blankets FREE SHIPPING",http://i.ebayimg.com/images/g/aXQAAOSw44BYHfoV/s-l300.jpg,US $10.95,5.0 out of 5 stars,New
,,,,,England
,,,,,Patriots
,,,,,Marquee
,,,,,Fleece
,,,,,Throw
,,,,,Blankets
,,,,,FREE
New England Patriots Official NFL Glove Flip Top by Forever Collectibles 489290 ,New England Patriots Official NFL Glove Flip Top by Forever Collectibles 489290,http://i.ebayimg.com/images/g/fqMAAOSwcLxYJkqt/s-l300.jpg,US $15.99,5.0 out of 5 stars,New
,,,,,England
,,,,,Patriots
,,,,,Official
,,,,,NFL
,,,,,Glove
,,,,,Flip
,,,,,Top
,,,,,Forever
,,,,,Collectibles
NFL Seattle Seahawks New Era 59FIFTY Superbowl XLVIII Cap 7 1 2 Low Crown ,NFL Seattle Seahawks New Era 59FIFTY Superbowl XLVIII Cap 7 1/2 Low Crown,http://i.ebayimg.com/images/g/NSwAAOSw5cNYJkB2/s-l300.jpg,US $15.99,No rating available,NFL
,,,,,Seattle
,,,,,Seahawks
,,,,,New
,,,,,Era
,,,,,Superbowl
,,,,,Cap
,,,,,Low
,,,,,Crown
Long Sleeve Seattle Seahawks Power Hit T Shirt,Long Sleeve Seattle Seahawks Power Hit T-Shirt,http://i.ebayimg.com/images/g/6hcAAOSwcUBYILqU/s-l300.jpg,US $38.95,No rating available,Long
,,,,,Sleeve
,,,,,Seattle
,,,,,Seahawks
,,,,,Power
,,,,,T
,,,,,Shirt
,,,,,TShirt
NFL Seattle Seahawks Chain Necklace ,NFL Seattle Seahawks Chain Necklace,http://i.ebayimg.com/images/g/ovsAAOSwHMJYJkXm/s-l300.jpg,US $12.78,No rating available,NFL
,,,,,Seattle
,,,,,Seahawks
,,,,,Chain
,,,,,Necklace
Seattle Seahawks Grid Iron fleece blanket throw NEW ,Seattle Seahawks Grid Iron fleece blanket throw NEW,http://i.ebayimg.com/images/g/rJAAAOSwbdpWVx6h/s-l300.jpg,US $9.99,5.0 out of 5 stars,Seattle
,,,,,Seahawks
,,,,,Grid
,,,,,Iron
,,,,,fleece
,,,,,blanket
,,,,,throw
,,,,,NEW
Seattle Seahawks Authentic 3x5 Indoor Outdoor Flag Banner NFL Hologram ,Seattle Seahawks Authentic 3x5 Indoor/Outdoor Flag Banner NFL Hologram,http://i.ebayimg.com/images/g/AZ8AAOSwqu9U-SlY/s-l300.jpg,US $19.95,5.0 out of 5 stars,Seattle
,,,,,Seahawks
,,,,,Authentic
,,,,,Indoor
,,,,,Outdoor
,,,,,Flag
,,,,,Banner
,,,,,NFL
,,,,,Hologram
NFL NIB 3x5 TEAM FLAG CAROLINA PANTHERS HELMET ,NFL NIB 3&apos;x5&apos; TEAM FLAG - CAROLINA PANTHERS - HELMET,http://i.ebayimg.com/images/g/0qwAAOSwPCVYBr4q/s-l300.jpg,US $19.70,No rating available,NFL
,,,,,TEAM
,,,,,FLAG
,,,,,CAROLINA
,,,,,PANTHERS
,,,,,HELMET
CAROLINA PANTHERS FOOTBALL JERSEY HOODIE SWEATSHIRT ,CAROLINA PANTHERS FOOTBALL JERSEY HOODIE SWEATSHIRT,http://i.ebayimg.com/images/g/vYEAAOSwX~dWrmTf/s-l300.jpg,US $29.95,No rating available,CAROLINA
,,,,,PANTHERS
,,,,,FOOTBALL
,,,,,JERSEY
,,,,,HOODIE
,,,,,SWEATSHIRT
NFL Carolina Panthers Car Truck Plastic License Plate Frame New ,"NFL Carolina Panthers, Car - Truck Plastic License Plate Frame, New",http://i.ebayimg.com/images/g/RN8AAOSwal5YJkuf/s-l300.jpg,US $4.99,No rating available,NFL
,,,,,Carolina
,,,,,Panthers
,,,,,Car
,,,,,Plastic
,,,,,License
,,,,,Plate
,,,,,Frame
,,,,,New
,,,,,Panthers
,,,,,Frame
Carolina Panthers High End Diagonal Zipper Drawstring Bag NEW Backpack sack ,Carolina Panthers High End Diagonal Zipper Drawstring Bag NEW Backpack sack,http://i.ebayimg.com/images/g/6PYAAOSw0kNXg~lC/s-l300.jpg,US $14.95,5.0 out of 5 stars,Carolina
,,,,,Panthers
,,,,,High
,,,,,End
,,,,,Diagonal
,,,,,Zipper
,,,,,Drawstring
,,,,,Bag
,,,,,NEW
,,,,,Backpack
,,,,,sack
Carolina Panthers Official NFL Backpack Core Bag by Forever Collectibles 054967 ,Carolina Panthers Official NFL Backpack Core Bag by Forever Collectibles 054967,http://i.ebayimg.com/images/g/QSMAAOSwtnpXpQ3E/s-l300.jpg,US $22.77,No rating available,Carolina
,,,,,Panthers
,,,,,Official
,,,,,NFL
,,,,,Backpack
,,,,,Core
,,,,,Bag
,,,,,Forever
,,,,,Collectibles
NFL Dallas Cowboys Breakaway Lanyard Blue Color ,NFL Dallas Cowboys Breakaway Lanyard (Blue Color),http://i.ebayimg.com/images/g/LO4AAOSwnTJW~zjI/s-l300.jpg,US $6.98,5.0 out of 5 stars,NFL
,,,,,Dallas
,,,,,Cowboys
,,,,,Breakaway
,,,,,Lanyard
,,,,,Blue
,,,,,Color
,,,,,Blue
,,,,,Color
Dallas Cowboys 46 x 60 Living Large Micro Raschel Throw Blanket ,"Dallas Cowboys 46"" x 60"" Living Large Micro Raschel Throw Blanket",http://i.ebayimg.com/images/g/wjEAAOSw5cNYJiN1/s-l300.jpg,US $29.99,No rating available,Dallas
,,,,,Cowboys
,,,,,Living
,,,,,Large
,,,,,Micro
,,,,,Raschel
,,,,,Throw
,,,,,Blanket
Dallas Cowboys Official NFL 2 Oval Key Chain Cowboys Rico Industries ,"Dallas Cowboys Official NFL 2"" Oval Key Chain Cowboys Rico Industries",http://i.ebayimg.com/images/g/tboAAOSwAuZX3Gej/s-l300.jpg,US $6.99,No rating available,Dallas
,,,,,Cowboys
,,,,,Official
,,,,,NFL
,,,,,Key
,,,,,Chain
,,,,,Cowboys
,,,,,Industries
Vintage NFL 90s Dallas Cowboys 1992 Super Bowl jersey ringer style T SHIRT L ,Vintage NFL 90&apos;s Dallas Cowboys 1992 Super Bowl jersey ringer style T SHIRT L,http://i.ebayimg.com/images/g/pBsAAOSwqrtWmq5P/s-l300.jpg,US $24.99,No rating available,Vintage
,,,,,NFL
,,,,,Dallas
,,,,,Cowboys
,,,,,Super
,,,,,Bowl
,,,,,jersey
,,,,,ringer
,,,,,style
,,,,,T
,,,,,SHIRT
Dallas Cowboys Blue Hat Cap Script Visor Embroidered Signature Double Star Logo ,Dallas Cowboys Blue Hat Cap Script Visor Embroidered Signature Double Star Logo,http://i.ebayimg.com/images/g/oSgAAOSwt6ZWV9Z~/s-l300.jpg,US $9.99,No rating available,Dallas
,,,,,Cowboys
,,,,,Blue
,,,,,Hat
,,,,,Cap
,,,,,Embroidered
,,,,,Signature
,,,,,Double
,,,,,Star
,,,,,Logo
New Era Denver Broncos Orange 39THIRTY Team Classic Flex Hat,New Era Denver Broncos Orange 39THIRTY Team Classic Flex Hat,http://i.ebayimg.com/images/g/yhYAAOSwPCVX7bDx/s-l300.jpg,US $26.99,No rating available,New
,,,,,Era
,,,,,Denver
,,,,,Broncos
,,,,,Orange
,,,,,Team
,,,,,Classic
,,,,,Flex
,,,,,Hat
Denver Broncos Authentic 3x5 Indoor Outdoor Flag Banner NFL Hologram ,Denver Broncos Authentic 3x5 Indoor/Outdoor Flag Banner NFL Hologram,http://i.ebayimg.com/images/g/bqAAAOSwoydWpjo1/s-l300.jpg,US $21.99,5.0 out of 5 stars,Denver
,,,,,Broncos
,,,,,Authentic
,,,,,Indoor
,,,,,Outdoor
,,,,,Flag
,,,,,Banner
,,,,,NFL
,,,,,Hologram
Denver Broncos Insulated Travel Tumbler Mug 16 oz ,Denver Broncos Insulated Travel Tumbler Mug 16 oz,http://i.ebayimg.com/images/g/Iu0AAOSwal5YJjqI/s-l300.jpg,US $19.86,No rating available,Denver
,,,,,Broncos
,,,,,Insulated
,,,,,Travel
,,,,,Tumbler
,,,,,Mug
Denver Broncos Aggressive Moves Synthetic Full Zip Jacket L ,Denver Broncos Aggressive Moves Synthetic Full Zip Jacket L,http://i.ebayimg.com/images/g/HDEAAOSwImRYJg8h/s-l300.jpg,US $45.00,No rating available,Denver
,,,,,Broncos
,,,,,Moves
,,,,,Full
,,,,,Zip
,,,,,Jacket
Denver Broncos Super Bowl 50 32 Embroidered Wool Heritage Banner NFL Hologram ,"Denver Broncos Super Bowl 50 32"" Embroidered Wool Heritage Banner NFL Hologram",http://i.ebayimg.com/images/g/9j4AAOSwwpdW11kR/s-l300.jpg,US $22.95,4.0 out of 5 stars,Denver
,,,,,Broncos
,,,,,Super
,,,,,Bowl
,,,,,Embroidered
,,,,,Wool
,,,,,Heritage
,,,,,Banner
,,,,,NFL
,,,,,Hologram
2014 Panini Absolute 20th Anniversary Quad TOM BRADY ROB GRONKOWSKI Patriots ,"2014 Panini Absolute 20th Anniversary Quad TOM BRADY, ROB GRONKOWSKI Patriots ++",http://i.ebayimg.com/images/g/HAgAAOSwdvpWDQsI/s-l300.jpg,US $5.99,4.0 out of 5 stars,Panini
,,,,,Anniversary
,,,,,TOM
,,,,,BRADY
,,,,,Patriots
,,,,,BRADY
Tom Brady New England Patriots Jersey 12 Navy Blue Mens Sizes 40 56 M 3XL ,Tom Brady New England Patriots Jersey #12 Navy Blue Mens Sizes 40 - 56 M - 3XL,http://i.ebayimg.com/images/g/NCIAAOSwhOVXfGkf/s-l300.jpg,US $59.95,4.0 out of 5 stars,Tom
,,,,,Brady
,,,,,New
,,,,,England
,,,,,Patriots
,,,,,Jersey
,,,,,Navy
,,,,,Blue
,,,,,Mens
TOM BRADY minimalism art print poster NEW ENGLAND PATRIOTS FREE S H ,TOM BRADY minimalism art print/poster NEW ENGLAND PATRIOTS FREE S&H,http://i.ebayimg.com/images/g/QhcAAOSwhRxXKUbN/s-l300.jpg,US $10.99,4.0 out of 5 stars,TOM
,,,,,BRADY
,,,,,minimalism
,,,,,art
,,,,,print
,,,,,poster
,,,,,NEW
,,,,,ENGLAND
,,,,,PATRIOTS
,,,,,FREE
TOM BRADY NEW ENGLAND PATRIOTS 11x17 Plastic Sign DURABLE POSTER FREE SHIPPING ,TOM BRADY NEW ENGLAND PATRIOTS 11x17 Plastic Sign DURABLE POSTER FREE SHIPPING!,http://i.ebayimg.com/images/g/nl0AAOSwVL1WDC6a/s-l300.jpg,US $14.99,4.0 out of 5 stars,TOM
,,,,,BRADY
,,,,,NEW
,,,,,ENGLAND
,,,,,PATRIOTS
,,,,,Plastic
,,,,,Sign
,,,,,DURABLE
,,,,,POSTER
,,,,,FREE
Nfl New England Patriots Tom Brady Fathead Wall Decal Junior ,"Nfl New England Patriots Tom Brady Fathead Wall Decal, Junior",http://i.ebayimg.com/images/g/9kIAAOSwo4pYDxqC/s-l300.jpg,US $47.08,No rating available,Nfl
,,,,,New
,,,,,England
,,,,,Patriots
,,,,,Tom
,,,,,Brady
,,,,,Fathead
,,,,,Wall
,,,,,Decal
,,,,,Junior
,,,,,Decal
Cam Newton 2011 Playoff Contenders Rookie Roll Call 3 ,Cam Newton - 2011 Playoff Contenders Rookie Roll Call #3,http://i.ebayimg.com/images/g/Qj0AAOSwPCVX89JR/s-l300.jpg,US $3.95,No rating available,Cam
,,,,,Newton
,,,,,Playoff
,,,,,Contenders
,,,,,Rookie
Cam Newton unsigned custom sewn black jersey Carolina Panthers adult large ,Cam Newton unsigned custom sewn black jersey Carolina Panthers adult large,http://i.ebayimg.com/images/g/AxMAAOSwxcRW-Cua/s-l300.jpg,US $44.99,No rating available,Cam
,,,,,Newton
,,,,,unsigned
,,,,,custom
,,,,,sewn
,,,,,black
,,,,,jersey
,,,,,Carolina
,,,,,Panthers
,,,,,adult
,,,,,large
Cam Newton 1 Carolina Panthers Stitched white large Jersey ,Cam Newton # 1 Carolina Panthers Stitched white large Jersey,http://i.ebayimg.com/images/g/aEoAAOSwoydWi0ud/s-l300.jpg,US $55.00,No rating available,Cam
,,,,,Newton
,,,,,Carolina
,,,,,Panthers
,,,,,Stitched
,,,,,white
,,,,,large
,,,,,Jersey
CAM NEWTON CAROLINA PANTHERS POSTER 22x34 NFL FOOTBALL 14976 ,CAM NEWTON - CAROLINA PANTHERS POSTER - 22x34 NFL FOOTBALL 14976,http://i.ebayimg.com/images/g/LtoAAOSwNRdX4YPT/s-l300.jpg,US $8.50,5.0 out of 5 stars,CAM
,,,,,NEWTON
,,,,,CAROLINA
,,,,,PANTHERS
,,,,,POSTER
,,,,,NFL
,,,,,FOOTBALL
NFL Carolina Panthers Cam Newton Play To Win 24x18 Poster Team Spirit Store ,NFL Carolina Panthers Cam Newton Play To Win 24x18 Poster Team Spirit Store,http://i.ebayimg.com/images/g/vg8AAOSwJcZWcjZq/s-l300.jpg,US $9.95,5.0 out of 5 stars,NFL
,,,,,Carolina
,,,,,Panthers
,,,,,Cam
,,,,,Newton
,,,,,Play
,,,,,Win
,,,,,Poster
,,,,,Team
,,,,,Spirit
,,,,,Store
RUSSELL WILSON Motion Blast Seattle Seahawks LICENSED poster print 8x10 photo ,"RUSSELL WILSON ""Motion Blast"" Seattle Seahawks LICENSED poster print 8x10 photo",http://i.ebayimg.com/images/g/q~8AAOSwg3FUdjsL/s-l300.jpg,US $6.99,5.0 out of 5 stars,RUSSELL
,,,,,WILSON
,,,,,Motion
,,,,,Blast
,,,,,Seattle
,,,,,Seahawks
,,,,,LICENSED
,,,,,poster
,,,,,print
,,,,,photo
,,,,,Motion
,,,,,Blast
Seattle Seahawks Russell Wilson 24 x36 High Glossy Poster ,"Seattle Seahawks Russell Wilson 24""x36"" High Glossy Poster",http://i.ebayimg.com/images/g/Qs8AAOSwECZUpyAu/s-l300.jpg,US $23.45,No rating available,Seattle
,,,,,Seahawks
,,,,,Russell
,,,,,Wilson
,,,,,High
,,,,,Glossy
,,,,,Poster
Russell Wilson Seattle Seahawks STITCHED Jersey 3 Mens Sizes M 40 XL 48 ,"Russell Wilson Seattle Seahawks STITCHED Jersey #3 Mens Sizes M (40), XL (48)",http://i.ebayimg.com/images/g/MdIAAOSwCGVX6vTy/s-l300.jpg,US $51.99,No rating available,Russell
,,,,,Wilson
,,,,,Seattle
,,,,,Seahawks
,,,,,STITCHED
,,,,,Jersey
,,,,,Mens
Russell Wilson 2014 Contenders MVP 9 Seattle Seahawks ,Russell Wilson 2014 Contenders MVP #9 Seattle Seahawks,http://i.ebayimg.com/images/g/GSIAAOSwCGVX-AdY/s-l300.jpg,US $3.99,No rating available,Russell
,,,,,Wilson
,,,,,Contenders
,,,,,Seattle
,,,,,Seahawks
Russell Wilson 3 Seattle Seahawks Jersey Back Pack Sack Drawstring gym Bag ,Russell Wilson #3 Seattle Seahawks Jersey Back Pack/Sack Drawstring gym Bag,http://i.ebayimg.com/images/g/UHwAAOSwgQ9V2j3n/s-l300.jpg,US $13.95,No rating available,Russell
,,,,,Wilson
,,,,,Seattle
,,,,,Seahawks
,,,,,Jersey
,,,,,Back
,,,,,Pack
,,,,,Sack
,,,,,Drawstring
,,,,,gym
,,,,,Bag
Dak Prescott 5 Rookie Card LOT 2016 Score Contenders Prestige ,Dak Prescott - 5 Rookie Card LOT - 2016 Score Contenders Prestige,http://i.ebayimg.com/images/g/ABsAAOSwXyVYJkSl/s-l300.jpg,US $14.99,No rating available,Dak
,,,,,Prescott
,,,,,Rookie
,,,,,Card
,,,,,LOT
,,,,,Score
,,,,,Contenders
DAK PRESCOTT unsigned Cowboys blue jersey adult mens XL ,DAK PRESCOTT unsigned Cowboys blue jersey adult mens XL,http://i.ebayimg.com/images/g/YKEAAOSwcLxYJgqx/s-l300.jpg,US $34.99,No rating available,DAK
,,,,,PRESCOTT
,,,,,unsigned
,,,,,Cowboys
,,,,,blue
,,,,,jersey
,,,,,adult
,,,,,mens
NFL Dallas Cowboys Dak Prescott Dak 4 24x18 Football Poster Team Spirit Store ,NFL Dallas Cowboys Dak Prescott Dak 4 24x18 Football Poster Team Spirit Store,http://i.ebayimg.com/images/g/yEIAAOSw5cNYEmLH/s-l300.jpg,US $9.95,No rating available,NFL
,,,,,Dallas
,,,,,Cowboys
,,,,,Dak
,,,,,Prescott
,,,,,Dak
,,,,,Football
,,,,,Poster
,,,,,Team
,,,,,Spirit
,,,,,Store
2016 Panini Prizm Prizms Orange 231 Dak Prescott 299 NM MT ,2016 Panini Prizm Prizms Orange #231 Dak Prescott /299 - NM-MT,http://i.ebayimg.com/images/g/q9IAAOSw4GVYJlWM/s-l300.jpg,US $46.00,No rating available,Panini
,,,,,Prizm
,,,,,Prizms
,,,,,Orange
,,,,,Dak
,,,,,Prescott
BUD LIGHT NFL DALLAS COWBOYS EMPTY CAN DAK PRESCOTT ROOKIE CARD WOOD DISPLAY ,BUD LIGHT NFL DALLAS COWBOYS EMPTY CAN & DAK PRESCOTT ROOKIE CARD WOOD DISPLAY,http://i.ebayimg.com/images/g/6Z0AAOSwx2dYHx9x/s-l300.jpg,US $45.00,No rating available,NFL
,,,,,DALLAS
,,,,,COWBOYS
,,,,,EMPTY
,,,,,CAN
,,,,,DAK
,,,,,PRESCOTT
,,,,,ROOKIE
,,,,,CARD
,,,,,WOOD
,,,,,DISPLAY
Football Card Lot Tom Brady Peyton Manning ,Football Card Lot - Tom Brady &amp; Peyton Manning,http://i.ebayimg.com/images/g/47cAAOSw-CpX-~wT/s-l300.jpg,US $3.95,No rating available,Football
,,,,,Card
,,,,,Lot
,,,,,Tom
,,,,,Brady
,,,,,Peyton
,,,,,Manning
Cert AU F 0793 2000 Topps 100 Peyton Manning Authentic Autograph,Cert. AU-F 0793 - 2000 Topps # 100 - Peyton Manning - Authentic Autograph,http://i.ebayimg.com/images/g/8SMAAOSwjVVVygSa/s-l300.jpg,US $59.95,No rating available,Topps
,,,,,Peyton
,,,,,Manning
,,,,,Authentic
,,,,,Autograph
Reebok NFL Indianapolis Colts Peyton Manning Youth Football Jersey NWT XL ,Reebok NFL Indianapolis Colts Peyton Manning Youth Football Jersey NWT XL,http://i.ebayimg.com/images/a/(KGrHqUOKpYE6cBIFpYZBOyYqSrgsQ~~/s-l300.jpg,US $12.99,5.0 out of 5 stars,Reebok
,,,,,NFL
,,,,,Peyton
,,,,,Manning
,,,,,Youth
,,,,,Football
,,,,,Jersey
DENVER BRONCOS T SHIRT Peyton Manning Jersey Tee NFL S 3XL ,DENVER BRONCOS T-SHIRT Peyton Manning Jersey Tee NFL S-3XL,http://i.ebayimg.com/images/g/H3QAAOSwxg5Xxliu/s-l300.jpg,US $14.95,5.0 out of 5 stars,DENVER
,,,,,BRONCOS
,,,,,T
,,,,,SHIRT
,,,,,Peyton
,,,,,Manning
,,,,,Jersey
,,,,,Tee
,,,,,NFL
,,,,,TSHIRT
PEYTON MANNING jersey art print poster DENVER BRONCOS FREE S H ,PEYTON MANNING jersey art print/poster DENVER BRONCOS FREE S&H,http://i.ebayimg.com/images/g/sukAAOSwARZXnmrq/s-l300.jpg,US $10.99,5.0 out of 5 stars,PEYTON
,,,,,MANNING
,,,,,jersey
,,,,,art
,,,,,print
,,,,,poster
,,,,,DENVER
,,,,,BRONCOS
,,,,,FREE
England Football EPL Wallet Manchester United MUFC NEW ,England Football EPL Wallet Manchester United MUFC NEW,http://i.ebayimg.com/images/a/(KGrHqEOKiME3!VnwShvBN7BmvmrdQ~~/s-l300.jpg,US $12.99,5.0 out of 5 stars,England
,,,,,Football
,,,,,EPL
,,,,,Wallet
,,,,,Manchester
,,,,,United
,,,,,MUFC
,,,,,NEW
Official Licensed Football Product Manchester United Mug Captain Cup Coffee Gift ,Official Licensed Football Product Manchester United Mug Captain Cup Coffee Gift,http://i.ebayimg.com/images/g/FhoAAOSw4GVYJLy4/s-l300.jpg,GBP 8.25,5.0 out of 5 stars,Official
,,,,,Licensed
,,,,,Football
,,,,,Product
,,,,,Manchester
,,,,,United
,,,,,Mug
,,,,,Captain
,,,,,Cup
,,,,,Coffee
,,,,,Gift
Manchester united Gym Sack Bag Drawstring Backpack Cinch Bag Authentic Official ,Manchester united Gym Sack Bag Drawstring Backpack Cinch Bag Authentic Official,http://i.ebayimg.com/images/g/1REAAOSw3xJVY9im/s-l300.jpg,US $9.99,5.0 out of 5 stars,Manchester
,,,,,united
,,,,,Gym
,,,,,Sack
,,,,,Bag
,,,,,Drawstring
,,,,,Backpack
,,,,,Bag
,,,,,Authentic
,,,,,Official
Authentic Nike Blue Manchester United Jersey Mens Xl,Authentic Nike Blue Manchester United Jersey Men&apos;s Xl,http://i.ebayimg.com/images/g/zzAAAOSwCGVYAweD/s-l300.jpg,US $21.56,5.0 out of 5 stars,Authentic
,,,,,Nike
,,,,,Blue
,,,,,Manchester
,,,,,United
,,,,,Jersey
,,,,,Mens
Manchester United Soccer 2 5 x 2 tall Key Chain Man U Wincraft 579409,"Manchester United Soccer 2.5"" x 2"" tall Key Chain Man U Wincraft 579409",http://i.ebayimg.com/images/g/9UEAAOSws4JW8avb/s-l300.jpg,US $8.47,No rating available,Manchester
,,,,,United
,,,,,Soccer
,,,,,tall
,,,,,Key
,,,,,Chain
,,,,,Man
,,,,,Wincraft
OFFICIAL ARSENAL FC GUNNER CAP HAT BLACK ADJUSTABLE ,OFFICIAL ARSENAL FC GUNNER CAP HAT BLACK ADJUSTABLE,http://i.ebayimg.com/images/g/81gAAOSw-KFXce4E/s-l300.jpg,US $10.65,No rating available,OFFICIAL
,,,,,ARSENAL
,,,,,FC
,,,,,CAP
,,,,,HAT
,,,,,BLACK
,,,,,ADJUSTABLE
ARSENAL SIGNED PHOTO POSTER PRINT SQUAD 2016 2017 TEAM SANCHEZ OZIL WALCOTT ,ARSENAL SIGNED PHOTO POSTER PRINT SQUAD 2016 2017 TEAM SANCHEZ OZIL WALCOTT,http://i.ebayimg.com/images/g/d5EAAOSwal5YH6z9/s-l300.jpg,GBP 5.97,No rating available,ARSENAL
,,,,,SIGNED
,,,,,PHOTO
,,,,,POSTER
,,,,,PRINT
,,,,,SQUAD
,,,,,TEAM
,,,,,SANCHEZ
,,,,,OZIL
Puma Arsenal Fan Hoodie Adult Medium Hoody Sweater Sweatshirt M ,Puma Arsenal Fan Hoodie Adult Medium Hoody Sweater Sweatshirt M,http://i.ebayimg.com/images/g/UCYAAOSwfZ1Wa8CF/s-l300.jpg,US $44.99,No rating available,Puma
,,,,,Arsenal
,,,,,Fan
,,,,,Hoodie
,,,,,Adult
,,,,,Hoody
,,,,,Sweater
,,,,,Sweatshirt
Puma Arsenal FC Shield Backpack ,Puma Arsenal FC Shield Backpack,http://i.ebayimg.com/images/g/FBcAAOSwFdtXxZ7d/s-l300.jpg,US $39.99,No rating available,Puma
,,,,,Arsenal
,,,,,FC
,,,,,Shield
,,,,,Backpack
Arsenal FC Face Cloth Golf Towel Officially Licensed Product ,Arsenal FC Face Cloth / Golf Towel Officially Licensed Product,http://i.ebayimg.com/images/g/G-kAAOSw~bFWN7c-/s-l300.jpg,US $4.99,No rating available,Arsenal
,,,,,FC
,,,,,Face
,,,,,Cloth
,,,,,Golf
,,,,,Towel
,,,,,Officially
,,,,,Licensed
,,,,,Product
FC BARCELONA OFFICIAL FOOTBALL SOCCER CLUB TEAM TEA TUB MUG CUP COFFEE CERAMIC,FC BARCELONA OFFICIAL FOOTBALL SOCCER CLUB TEAM TEA TUB MUG CUP COFFEE CERAMIC,http://i.ebayimg.com/images/g/DC0AAOSwcdBWRbbP/s-l300.jpg,US $21.59,No rating available,FC
,,,,,BARCELONA
,,,,,OFFICIAL
,,,,,FOOTBALL
,,,,,SOCCER
,,,,,CLUB
,,,,,TEAM
,,,,,TEA
,,,,,TUB
,,,,,MUG
,,,,,CUP
,,,,,COFFEE
,,,,,CERAMIC
FC BARCELONA FOOTBALL SOCCER CLUB TEAM FC DUVET SET BED COVER BEDDING PILLOW NEW,FC BARCELONA FOOTBALL SOCCER CLUB TEAM FC DUVET SET BED COVER BEDDING PILLOW NEW,http://i.ebayimg.com/images/g/aJ0AAOSwZVlXmvYl/s-l300.jpg,US $41.59,No rating available,FC
,,,,,BARCELONA
,,,,,FOOTBALL
,,,,,SOCCER
,,,,,CLUB
,,,,,TEAM
,,,,,FC
,,,,,DUVET
,,,,,SET
,,,,,BED
,,,,,COVER
,,,,,BEDDING
,,,,,PILLOW
,,,,,NEW
FC BARCELONA SOCCER HAT CAP FCB OFFICIAL ADJUSTABLE licensed product ,FC BARCELONA SOCCER HAT CAP FCB OFFICIAL ADJUSTABLE licensed product,http://i.ebayimg.com/images/g/l4EAAOSwMN9XQ2Oj/s-l300.jpg,US $12.99,5.0 out of 5 stars,FC
,,,,,BARCELONA
,,,,,SOCCER
,,,,,HAT
,,,,,CAP
,,,,,FCB
,,,,,OFFICIAL
,,,,,ADJUSTABLE
,,,,,licensed
,,,,,product
FC Barcelona FCB Official Flag 3x5 Ft Approx Flag football Futbol Club Barcelona ,FC Barcelona FCB Official Flag 3x5 Ft Approx Flag football Futbol Club Barcelona,http://i.ebayimg.com/images/g/L1UAAOSwLnBX4KHN/s-l300.jpg,US $18.95,5.0 out of 5 stars,FC
,,,,,Barcelona
,,,,,FCB
,,,,,Official
,,,,,Flag
,,,,,Ft
,,,,,Flag
,,,,,football
,,,,,Club
,,,,,Barcelona
NEW FC Barcelona Soccer 2016 Messi Neymar Suarez Wallet Leather US SELLER ,NEW FC Barcelona Soccer 2016 Messi Neymar Suarez Wallet Leather US SELLER!,http://i.ebayimg.com/images/g/Cs8AAOxygPtS7XBD/s-l300.jpg,US $10.29,5.0 out of 5 stars,NEW
,,,,,FC
,,,,,Barcelona
,,,,,Soccer
,,,,,Messi
,,,,,Neymar
,,,,,Suarez
,,,,,Wallet
,,,,,Leather
,,,,,US
New Adidas Real Madrid Home 2015 2016 Jersey White Clear Grey Onix Sz M ,New Adidas Real Madrid Home 2015-2016 Jersey White/Clear Grey/Onix Sz M,http://i.ebayimg.com/images/g/-OUAAOSwJQdXBoJm/s-l300.jpg,US $39.99,5.0 out of 5 stars,New
,,,,,Adidas
,,,,,Real
,,,,,Madrid
,,,,,Home
,,,,,Jersey
,,,,,White
,,,,,Clear
,,,,,Grey
200 150cm Football Club Soccer Fleece Blanket Real Madrid Manchester United ,200*150cm Football Club Soccer Fleece Blanket Real Madrid/Manchester United,http://i.ebayimg.com/images/g/ja0AAOSwHMJYIXDo/s-l300.jpg,US $18.88,5.0 out of 5 stars,Football
,,,,,Club
,,,,,Soccer
,,,,,Fleece
,,,,,Blanket
,,,,,Real
,,,,,Madrid
,,,,,Manchester
,,,,,United
REAL MADRID CAP HAT OFFICIAL AUTHENTIC NEW DESIGN BY RHINOX ,REAL MADRID CAP HAT OFFICIAL AUTHENTIC NEW DESIGN BY RHINOX,http://i.ebayimg.com/images/g/vr4AAOSw0fhXmMbP/s-l300.jpg,US $11.99,No rating available,REAL
,,,,,MADRID
,,,,,CAP
,,,,,HAT
,,,,,OFFICIAL
,,,,,AUTHENTIC
,,,,,NEW
,,,,,DESIGN
Real Madrid football soccer pin ,Real Madrid football soccer pin,http://i.ebayimg.com/images/g/LqAAAOSw8oFX0xUa/s-l300.jpg,US $6.99,No rating available,Real
,,,,,Madrid
,,,,,football
,,,,,soccer
,,,,,pin
Black Friday Special Small Real Madrid Hoodie Sweater Jacket ,Black Friday Special Small Real Madrid Hoodie Sweater Jacket,http://i.ebayimg.com/images/g/wkoAAOSwXyVYJjTp/s-l300.jpg,US $27.99,No rating available,Black
,,,,,Special
,,,,,Small
,,,,,Real
,,,,,Madrid
,,,,,Hoodie
,,,,,Sweater
,,,,,Jacket
Chelsea Jacket Track Football Club Official Soccer Gift Mens ,Chelsea Jacket Track Football Club Official Soccer Gift Mens,http://i.ebayimg.com/images/g/vDIAAOSwi0RX0Ef3/s-l300.jpg,US $26.95,No rating available,Chelsea
,,,,,Jacket
,,,,,Track
,,,,,Football
,,,,,Club
,,,,,Official
,,,,,Soccer
,,,,,Gift
,,,,,Mens
Chelsea FC Flag Official Adidas Fan Flag,Chelsea FC Flag (Official Adidas Fan Flag),http://i.ebayimg.com/images/g/UioAAOSwMmBVsUbZ/s-l300.jpg,US $7.00,No rating available,Chelsea
,,,,,FC
,,,,,Flag
,,,,,Official
,,,,,Adidas
,,,,,Fan
,,,,,Flag
,,,,,Official
,,,,,Flag
Chelsea Football Club Hat Cap Soccer Two Tone Snapback ,Chelsea Football Club Hat Cap Soccer Two Tone Snapback,"http://i.ebayimg.com/images/a/T2eC16R,!zQE9s3ssN68BP8QGEUkKg~~/s-l300.jpg",US $15.00,No rating available,Chelsea
,,,,,Football
,,,,,Club
,,,,,Hat
,,,,,Cap
,,,,,Soccer
,,,,,Two
,,,,,Tone
,,,,,Snapback
Chelsea FC Official Soccer 4 x 4 Perfect Cut Car Decal by Wincraft 259226 ,"Chelsea FC Official Soccer 4"" x 4"" Perfect Cut Car Decal by Wincraft 259226",http://i.ebayimg.com/images/g/AI4AAOSwMmBVqUCL/s-l300.jpg,US $9.07,No rating available,Chelsea
,,,,,FC
,,,,,Official
,,,,,Soccer
,,,,,Perfect
,,,,,Cut
,,,,,Car
,,,,,Decal
,,,,,Wincraft
CHELSEA FC adidas ClimaCool Home Long Sleeve Jersey XL Blue S11676 ,CHELSEA FC - adidas ClimaCool Home Long Sleeve Jersey (XL) Blue S11676,http://i.ebayimg.com/images/g/dZcAAOSwV0RXvJG~/s-l300.jpg,US $39.99,No rating available,CHELSEA
,,,,,FC
,,,,,adidas
,,,,,Home
,,,,,Long
,,,,,Sleeve
,,,,,Jersey
,,,,,Blue
Wayne Rooney Manchester United 2007 Season Size Medium Nike Jersey,Wayne Rooney Manchester United 2007 Season Size Medium Nike Jersey,http://i.ebayimg.com/images/g/TDIAAOSw8gVX8TJ3/s-l300.jpg,US $25.00,No rating available,Wayne
,,,,,Rooney
,,,,,Manchester
,,,,,United
,,,,,Season
,,,,,Nike
,,,,,Jersey
WAYNE ROONEY IN CLUBHOUSE FOOTBALL POSTER FC MANCHESTER UNITED SOCCER ,"WAYNE ROONEY ""IN CLUBHOUSE"" FOOTBALL POSTER -FC MANCHESTER UNITED, SOCCER",http://i.ebayimg.com/images/a/(KGrHqNHJBcE9rIkvO3cBPiygguRCQ~~/s-l300.jpg,US $5.49,No rating available,WAYNE
,,,,,ROONEY
,,,,,CLUBHOUSE
,,,,,FOOTBALL
,,,,,POSTER
,,,,,FC
,,,,,MANCHESTER
,,,,,UNITED
,,,,,SOCCER
,,,,,CLUBHOUSE
,,,,,FC
,,,,,UNITED
WAYNE ROONEY MANCHESTER UNITED SIGNED AUTOGRAPHED A4 PP PHOTO POSTER ,WAYNE ROONEY - MANCHESTER UNITED SIGNED AUTOGRAPHED A4 PP PHOTO POSTER,http://i.ebayimg.com/images/g/868AAOSwKOJYIfxU/s-l300.jpg,GBP 5.49,No rating available,WAYNE
,,,,,ROONEY
,,,,,MANCHESTER
,,,,,UNITED
,,,,,SIGNED
,,,,,AUTOGRAPHED
,,,,,PHOTO
,,,,,POSTER
NIKE Manchester United Jersey Wayne Rooney 10 Size M ,NIKE Manchester United Jersey Wayne Rooney #10 Size M,http://i.ebayimg.com/images/g/zfUAAOSw-kdXzaK0/s-l300.jpg,US $44.99,No rating available,NIKE
,,,,,Manchester
,,,,,United
,,,,,Jersey
,,,,,Wayne
,,,,,Rooney
Wayne Rooney England 94 2016 Panini Spectra Soccer Base Die Cut Red 47 65,Wayne Rooney England #94 2016 Panini Spectra Soccer Base Die-Cut Red 47/65,http://i.ebayimg.com/images/g/SDoAAOSwXeJYGu2s/s-l300.jpg,US $29.99,No rating available,Wayne
,,,,,Rooney
,,,,,England
,,,,,Panini
,,,,,Spectra
,,,,,Soccer
,,,,,Base
,,,,,Cut
,,,,,Red
FC BARCELONA 10 LIONEL MESSI Nike Away Shirt 2011 2012 Jersey Size L Black ,FC BARCELONA #10 LIONEL MESSI Nike Away Shirt 2011/2012 Jersey Size L Black,http://i.ebayimg.com/images/g/6sYAAOSwyDxXh8dd/s-l300.jpg,US $79.99,No rating available,FC
,,,,,BARCELONA
,,,,,LIONEL
,,,,,MESSI
,,,,,Nike
,,,,,Away
,,,,,Shirt
,,,,,Jersey
,,,,,Black
LIONEL MESSI BARCELONA COLLAGE POSTER 22x34 SOCCER FOOTBALL 14600 ,LIONEL MESSI - BARCELONA COLLAGE POSTER - 22x34 SOCCER FOOTBALL 14600,http://i.ebayimg.com/images/g/pqYAAOSwBw5XRKj9/s-l300.jpg,US $7.95,5.0 out of 5 stars,LIONEL
,,,,,MESSI
,,,,,BARCELONA
,,,,,COLLAGE
,,,,,POSTER
,,,,,SOCCER
,,,,,FOOTBALL
Argentina Home Soccer Jersey Messi Copa America 2016 ,Argentina Home Soccer Jersey Messi Copa America 2016,http://i.ebayimg.com/images/g/87UAAOSwdIFX1k9V/s-l300.jpg,US $54.00,5.0 out of 5 stars,Argentina
,,,,,Home
,,,,,Soccer
,,,,,Jersey
,,,,,Messi
,,,,,Copa
,,,,,America
soccerwe Doll 10 MESSI ARG 2016 Figure Toys doll ,soccerwe Doll 10# MESSI (ARG) 2016 Figure Toys doll,http://i.ebayimg.com/images/g/eqQAAOSw44BYDHKw/s-l300.jpg,US $6.50,No rating available,Doll
,,,,,MESSI
,,,,,Figure
,,,,,Toys
,,,,,doll
Lionel Messi FC Barcelona Spain Argentina Futbol Men Youth Jersey Shirt ,Lionel Messi FC Barcelona Spain Argentina FutbÃ³l Men Youth Jersey Shirt,http://i.ebayimg.com/images/g/fI4AAOSwRgJXi7F6/s-l300.jpg,US $13.99,No rating available,Lionel
,,,,,Messi
,,,,,FC
,,,,,Barcelona
,,,,,Spain
,,,,,Argentina
,,,,,Men
,,,,,Youth
,,,,,Jersey
,,,,,Shirt
Puma Mesut Ozil Arsenal FC 2016 2017 Mens Soccer Jersey ,Puma Mesut Ozil Arsenal FC 2016/2017 Mens Soccer Jersey,http://i.ebayimg.com/images/g/KlUAAOSwnbZYHJpO/s-l300.jpg,US $52.99,No rating available,Puma
,,,,,Mesut
,,,,,Ozil
,,,,,Arsenal
,,,,,FC
,,,,,Mens
,,,,,Soccer
,,,,,Jersey
2014 Panini Prizm World Cup Prizms Red White Blue 88 Mesut Ozil Germany,2014 Panini Prizm World Cup Prizms Red White Blue #88 Mesut Ozil Germany,http://i.ebayimg.com/images/g/rnoAAOSwLnBX7PL2/s-l300.jpg,US $8.00,No rating available,Panini
,,,,,Prizm
,,,,,World
,,,,,Cup
,,,,,Prizms
,,,,,Red
,,,,,White
,,,,,Blue
,,,,,Mesut
,,,,,Ozil
,,,,,Germany
2010 11 Mundicromo 632 Mesut Ozil Top 11 Foil card Real Madrid ,2010-11 Mundicromo # 632 Mesut Ozil Top 11 Foil card Real Madrid,http://i.ebayimg.com/images/g/-HkAAOSwal5YILQP/s-l300.jpg,US $2.99,No rating available,Mesut
,,,,,Ozil
,,,,,Top
,,,,,card
,,,,,Real
,,,,,Madrid
Rare MESUT OZIL Arsenal FC SIGNATURE SERIES Football Soccer Action POSTER ,Rare MESUT OZIL Arsenal FC SIGNATURE SERIES Football Soccer Action POSTER,http://i.ebayimg.com/images/g/ziYAAOSwGjpXTbUB/s-l300.jpg,US $12.99,No rating available,Rare
,,,,,MESUT
,,,,,OZIL
,,,,,Arsenal
,,,,,FC
,,,,,SIGNATURE
,,,,,SERIES
,,,,,Football
,,,,,Soccer
,,,,,Action
,,,,,POSTER
327 Football Super Stars Mesut Ozil Arsenal 25 x14 Poster ,"327 Football Super Stars - Mesut Ozil Arsenal 25""x14"" Poster",http://i.ebayimg.com/images/g/YkcAAOSwJkJWklYO/s-l300.jpg,US $6.99,No rating available,Football
,,,,,Super
,,,,,Stars
,,,,,Mesut
,,,,,Ozil
,,,,,Arsenal
,,,,,Poster
Real Madrid Shirt Cristiano Ronaldo 7 Soccer Jersey Shirt CR7 T Shirt ,Real Madrid Shirt Cristiano Ronaldo #7 Soccer Jersey Shirt CR7 T-Shirt,http://i.ebayimg.com/images/g/eEAAAOSwIgNXl8YC/s-l300.jpg,US $9.99,No rating available,Real
,,,,,Madrid
,,,,,Shirt
,,,,,Cristiano
,,,,,Ronaldo
,,,,,Soccer
,,,,,Jersey
,,,,,Shirt
,,,,,CR7
,,,,,T
,,,,,Shirt
,,,,,TShirt
2016 Panini Prizm EURO Cristiano Ronaldo FLASH Refractor Portugal 97 Soccer ,2016 Panini Prizm EURO Cristiano Ronaldo FLASH Refractor Portugal #97 Soccer,http://i.ebayimg.com/images/g/w0IAAOSw5cNYIUm6/s-l300.jpg,US $26.99,No rating available,Panini
,,,,,Prizm
,,,,,EURO
,,,,,Cristiano
,,,,,Ronaldo
,,,,,FLASH
,,,,,Refractor
,,,,,Portugal
,,,,,Soccer
Fashion Ronaldo football Hoodie Men 7 Jacket Sweatshirt Jumper Coat New ,Fashion Ronaldo football Hoodie Men#7 Jacket Sweatshirt Jumper Coat New,http://i.ebayimg.com/images/g/JNAAAOSwx2dYHUEy/s-l300.jpg,US $36.89,No rating available,Fashion
,,,,,Ronaldo
,,,,,football
,,,,,Hoodie
,,,,,Men
,,,,,Jacket
,,,,,Sweatshirt
,,,,,Jumper
,,,,,Coat
,,,,,New
Cristiano Ronaldo Real Madrid Sports Bag Sport Backback Leisure Bag Bag ,Cristiano Ronaldo Real Madrid Sports Bag Sport Backback Leisure Bag Bag,http://i.ebayimg.com/images/g/84kAAOSwMgdX1oMj/s-l300.jpg,US $13.06,No rating available,Cristiano
,,,,,Ronaldo
,,,,,Real
,,,,,Madrid
,,,,,Sports
,,,,,Bag
,,,,,Sport
,,,,,Backback
,,,,,Leisure
,,,,,Bag
,,,,,Bag
Cristiano Ronaldo Soccer Star Sport Framed Canvas Motivational Quotes ,Cristiano Ronaldo Soccer Star Sport Framed Canvas Motivational Quotes,http://i.ebayimg.com/images/g/C~MAAOSwcUBYI6kD/s-l300.jpg,US $19.95,No rating available,Cristiano
,,,,,Ronaldo
,,,,,Soccer
,,,,,Star
,,,,,Sport
,,,,,Framed
,,,,,Canvas
,,,,,Motivational
,,,,,Quotes
Barcelona Home Soccer Jersey 16 17 Neymar Jr Large ,Barcelona Home Soccer Jersey 16 17 Neymar Jr Large,http://i.ebayimg.com/images/g/eVgAAOSwImRYGkKe/s-l300.jpg,US $42.00,No rating available,Barcelona
,,,,,Home
,,,,,Soccer
,,,,,Jersey
,,,,,Neymar
,,,,,Jr
,,,,,Large
2016 17 Brazil Neymar Jr Home Soccer Jersey 2018 Russia World Cup Qualifiers ,2016/17 Brazil Neymar Jr Home Soccer Jersey 2018 Russia World Cup Qualifiers,http://i.ebayimg.com/images/g/VWkAAOSwx2dYHtQX/s-l300.jpg,US $54.00,No rating available,Brazil
,,,,,Neymar
,,,,,Jr
,,,,,Home
,,,,,Soccer
,,,,,Jersey
,,,,,World
,,,,,Cup
,,,,,Qualifiers
Neymar Jr Barcelona Brazil Signed Autograph REPRINT ,Neymar Jr. - Barcelona &amp; Brazil - Signed Autograph REPRINT,http://i.ebayimg.com/images/g/v5sAAOSwM4xXXvbf/s-l300.jpg,GBP 4.00,No rating available,Neymar
,,,,,Jr
,,,,,Barcelona
,,,,,Brazil
,,,,,Signed
,,,,,Autograph
,,,,,REPRINT
,,,,,Jr
NEYMAR ACTION 2016 BARCELONA POSTER 24 x 36 FOOTBALL SOCCER FC 34118 ,NEYMAR ACTION 2016 - BARCELONA POSTER - 24 x 36 FOOTBALL SOCCER FC 34118,http://i.ebayimg.com/images/g/~OkAAOSwZ8ZW~CQ~/s-l300.jpg,US $8.95,No rating available,NEYMAR
,,,,,ACTION
,,,,,BARCELONA
,,,,,POSTER
,,,,,FOOTBALL
,,,,,SOCCER
,,,,,FC
Nike Core Adjustable Hats Neymar CR7 Barcelona or USA ,"Nike Core Adjustable Hats Neymar, CR7, Barcelona or USA",http://i.ebayimg.com/images/g/qpMAAOSwbsBXkUiC/s-l300.jpg,US $17.60,No rating available,Nike
,,,,,Core
,,,,,Adjustable
,,,,,Hats
,,,,,Neymar
,,,,,CR7
,,,,,Barcelona
,,,,,USA
,,,,,Neymar
,,,,,CR7
NCAA NWT KEYCHAIN LANYARD USC TROJANS ,NCAA NWT KEYCHAIN LANYARD- USC TROJANS,http://i.ebayimg.com/images/g/4KEAAOSwQJ5URYMB/s-l300.jpg,US $6.95,No rating available,NCAA
,,,,,KEYCHAIN
,,,,,LANYARD
,,,,,USC
,,,,,TROJANS
,,,,,LANYARD
USC Trojans NCAA 12 x 6 Metal License Plate Frame Southern Cal Wincraft,"USC Trojans NCAA 12"" x 6"" Metal License Plate Frame Southern Cal Wincraft",http://i.ebayimg.com/images/g/NMAAAOSwZJBYBVOJ/s-l300.jpg,US $12.46,No rating available,USC
,,,,,Trojans
,,,,,NCAA
,,,,,Metal
,,,,,License
,,,,,Plate
,,,,,Frame
,,,,,Southern
,,,,,Cal
,,,,,Wincraft
USC Trojans Car Flag Boat Garden Sign Banner Football University CA Vintage ,USC Trojans Car Flag Boat Garden Sign Banner Football University CA Vintage,http://i.ebayimg.com/images/g/ou8AAOSwGtRXybuu/s-l300.jpg,US $14.99,No rating available,USC
,,,,,Trojans
,,,,,Car
,,,,,Flag
,,,,,Boat
,,,,,Garden
,,,,,Sign
,,,,,Banner
,,,,,Football
,,,,,University
,,,,,CA
,,,,,Vintage
USC Trojans Nike DRI FIT Performance Polo New ,USC Trojans Nike DRI-FIT Performance Polo New,http://i.ebayimg.com/images/g/EBEAAOSwMVdYEKn3/s-l300.jpg,US $29.99,No rating available,USC
,,,,,Trojans
,,,,,Nike
,,,,,DRI
,,,,,FIT
,,,,,Performance
,,,,,Polo
,,,,,New
,,,,,DRIFIT
USC Trojans Southern Cal Picnic Basket Tailgating Tote Bag,USC Trojans Southern Cal Picnic Basket Tailgating Tote Bag,http://i.ebayimg.com/images/g/2AgAAOSwCGVX7gZX/s-l300.jpg,US $56.95,No rating available,USC
,,,,,Trojans
,,,,,Southern
,,,,,Cal
,,,,,Picnic
,,,,,Basket
,,,,,Tailgating
,,,,,Tote
,,,,,Bag
new IRIDESCENT RED SILVER THE OHIO STATE UNIVERSITY BUCKEYES CLIP ON latch CHARM ,new IRIDESCENT RED SILVER THE OHIO STATE UNIVERSITY BUCKEYES CLIP ON latch CHARM,http://i.ebayimg.com/images/g/3H0AAOSwpRRWnTAt/s-l300.jpg,US $6.75,No rating available,new
,,,,,RED
,,,,,SILVER
,,,,,OHIO
,,,,,STATE
,,,,,UNIVERSITY
,,,,,BUCKEYES
,,,,,CLIP
,,,,,CHARM
NCAA Ohio State Buckeyes Big Logo Velcro Lunch Bag Red ,NCAA Ohio State Buckeyes Big Logo Velcro Lunch Bag Red,http://i.ebayimg.com/images/g/TykAAOSwMVdYD2x1/s-l300.jpg,US $12.99,No rating available,NCAA
,,,,,Ohio
,,,,,State
,,,,,Buckeyes
,,,,,Big
,,,,,Logo
,,,,,Lunch
,,,,,Bag
,,,,,Red
Ohio State Buckeyes NCAA 8 x 32 Man Cave Banner Flag OSU Winning Streak ,"Ohio State Buckeyes NCAA 8"" x 32"" Man Cave Banner Flag OSU Winning Streak",http://i.ebayimg.com/images/g/TT4AAOSwL7VWhrZJ/s-l300.jpg,US $22.43,No rating available,Ohio
,,,,,State
,,,,,Buckeyes
,,,,,NCAA
,,,,,Man
,,,,,Cave
,,,,,Banner
,,,,,Flag
,,,,,Winning
,,,,,Streak
Ohio State Buckeyes Mascot Decorative Logo Cut Area Rug Floor Mat ,Ohio State Buckeyes Mascot Decorative Logo Cut Area Rug Floor Mat,http://i.ebayimg.com/images/g/xN0AAOSw-CpX-4Jr/s-l300.jpg,US $29.99,No rating available,Ohio
,,,,,State
,,,,,Buckeyes
,,,,,Mascot
,,,,,Decorative
,,,,,Logo
,,,,,Cut
,,,,,Area
,,,,,Rug
,,,,,Floor
,,,,,Mat
Ohio State University Buckeyes OSU Fleece Throw Blanket Tailgate Blanket,Ohio State University Buckeyes OSU Fleece Throw Blanket - Tailgate Blanket,http://i.ebayimg.com/images/g/V80AAOSw4shX-pri/s-l300.jpg,US $9.99,No rating available,Ohio
,,,,,State
,,,,,University
,,,,,Buckeyes
,,,,,Fleece
,,,,,Throw
,,,,,Blanket
,,,,,Tailgate
,,,,,Blanket
New Northwest NCAA Alabama Crimson Tide Large Soft Fleece Throw Blanket 50 X60 ,"New Northwest NCAA Alabama Crimson Tide Large Soft Fleece Throw Blanket 50""X60""",http://i.ebayimg.com/images/g/kGkAAOSwTZ1Xm7ch/s-l300.jpg,US $16.99,5.0 out of 5 stars,New
,,,,,NCAA
,,,,,Alabama
,,,,,Crimson
,,,,,Tide
,,,,,Large
,,,,,Soft
,,,,,Fleece
,,,,,Throw
,,,,,Blanket
NCAA Alabama Crimson Tide Red Breakaway Lanyard Keychain NWT Free Ship,NCAA Alabama Crimson Tide Red Breakaway Lanyard Keychain NWT Free Ship,http://i.ebayimg.com/images/g/fyMAAOSwkNZUehYJ/s-l300.jpg,US $6.29,5.0 out of 5 stars,NCAA
,,,,,Alabama
,,,,,Crimson
,,,,,Tide
,,,,,Red
,,,,,Breakaway
,,,,,Lanyard
,,,,,Keychain
,,,,,Free
47 Alabama Crimson Tide Knit Hat College,&apos;47 Alabama Crimson Tide Knit Hat - NCAA,http://i.ebayimg.com/images/g/LHwAAOSwnNBXTvrr/s-l300.jpg,US $20.79,5.0 out of 5 stars,Alabama
,,,,,Crimson
,,,,,Tide
,,,,,Knit
,,,,,Hat
,,,,,College
,,,,,NCAA
Antigua Alabama Crimson Tide Mens Icon Polo,Antigua Alabama Crimson Tide Men&apos;s Icon Polo,http://i.ebayimg.com/images/g/dkIAAOSwKOJYIhGr/s-l300.jpg,US $41.69,5.0 out of 5 stars,Antigua
,,,,,Alabama
,,,,,Crimson
,,,,,Tide
,,,,,Mens
,,,,,Icon
,,,,,Polo
Alabama Crimson Tide Lapel Pin Glossy NCAA Licensed ,Alabama Crimson Tide Lapel Pin (Glossy) NCAA Licensed,http://i.ebayimg.com/images/g/1oQAAOxy0x1TStLA/s-l300.jpg,US $7.59,5.0 out of 5 stars,Alabama
,,,,,Crimson
,,,,,Tide
,,,,,Pin
,,,,,Glossy
,,,,,NCAA
,,,,,Licensed
,,,,,Glossy
University of Washington MUSH Radio King Huskies Pin Pinback Button 17544 ,University of Washington MUSH Radio King Huskies Pin Pinback Button #17544,http://i.ebayimg.com/images/g/EhgAAOSwoydWmHz7/s-l300.jpg,US $16.16,5.0 out of 5 stars,University
,,,,,Washington
,,,,,Radio
,,,,,King
,,,,,Huskies
,,,,,Pin
,,,,,Button
VTG Washington Huskies visor cap hat UW University Dawgs Purple ,VTG Washington Huskies visor cap hat UW University Dawgs Purple,http://i.ebayimg.com/images/g/UEcAAOSw-W5U1DhG/s-l300.jpg,US $14.99,5.0 out of 5 stars,Washington
,,,,,Huskies
,,,,,cap
,,,,,hat
,,,,,UW
,,,,,University
,,,,,Dawgs
,,,,,Purple
Siskiyou Washington Huskies Official Key Chain ,Siskiyou Washington Huskies Official Key Chain,http://i.ebayimg.com/images/g/W~oAAOSwo4pYIiG-/s-l300.jpg,US $1.99,5.0 out of 5 stars,Washington
,,,,,Huskies
,,,,,Official
,,,,,Key
,,,,,Chain
Washington Huskies Colosseum Mesa Corded Polar Fleece Jacket Purple College ,Washington Huskies Colosseum Mesa Corded Polar Fleece Jacket - Purple - NCAA,http://i.ebayimg.com/images/g/I3YAAOSwxKtYBnB5/s-l300.jpg,US $59.99,No rating available,Washington
,,,,,Huskies
,,,,,Colosseum
,,,,,Corded
,,,,,Fleece
,,,,,Jacket
,,,,,Purple
,,,,,College
,,,,,NCAA
NCAA Washington Huskies flex fit Hat Cap ,"NCAA Washington Huskies flex fit Hat, Cap",http://i.ebayimg.com/images/g/skoAAOSwNRdX9v6Z/s-l300.jpg,US $14.00,No rating available,NCAA
,,,,,Washington
,,,,,Huskies
,,,,,flex
,,,,,fit
,,,,,Hat
,,,,,Cap
,,,,,Hat
NCAA UCLA Bruins University of California Los Angeles NEW ERA Hat cap Fitted M L,NCAA UCLA Bruins University of California Los Angeles NEW ERA Hat cap Fitted M/L,http://i.ebayimg.com/images/g/QC8AAOSwknJXz00l/s-l300.jpg,US $24.95,No rating available,NCAA
,,,,,UCLA
,,,,,Bruins
,,,,,University
,,,,,California
,,,,,Los
,,,,,Angeles
,,,,,NEW
,,,,,ERA
,,,,,Hat
,,,,,cap
,,,,,Fitted
UCLA Bruins 2013 College World Series Plastic Frame NCAA,UCLA Bruins 2013 College World Series Plastic Frame - NCAA,http://i.ebayimg.com/images/g/nOIAAOSwBLlVPNmM/s-l300.jpg,US $8.99,No rating available,UCLA
,,,,,Bruins
,,,,,College
,,,,,World
,,,,,Series
,,,,,Plastic
,,,,,Frame
,,,,,NCAA
New Adult NCAA UCLA Bruins Zephyr Embroidered Pom Beanie Hat NWT Blue ,New Adult NCAA UCLA Bruins Zephyr Embroidered Pom Beanie Hat NWT Blue,http://i.ebayimg.com/images/g/CzUAAOSwL7VWrDql/s-l300.jpg,US $11.95,No rating available,New
,,,,,Adult
,,,,,NCAA
,,,,,UCLA
,,,,,Bruins
,,,,,Zephyr
,,,,,Embroidered
,,,,,Pom
,,,,,Beanie
,,,,,Hat
,,,,,Blue
NEW Limited Edition UCLA Bruins Playing Cards 2 Decks Promotional Limited ,NEW. Limited Edition UCLA Bruins Playing Cards 2 Decks. Promotional Limited,http://i.ebayimg.com/images/g/3nUAAOSwxg5X1Ygv/s-l300.jpg,US $6.99,No rating available,NEW
,,,,,Limited
,,,,,Edition
,,,,,UCLA
,,,,,Bruins
,,,,,Cards
,,,,,Decks
,,,,,Promotional
,,,,,Limited
,,,,,NEW
,,,,,Decks
UCLA Bruins Flag 3x5 Banner ,UCLA Bruins Flag 3x5 Banner,http://i.ebayimg.com/images/g/Cp4AAOSwnipWa859/s-l300.jpg,US $32.95,5.0 out of 5 stars,UCLA
,,,,,Bruins
,,,,,Flag
,,,,,Banner
Chicago Cubs W WIN Authentic 27 x37 Polyester Indoor Outdoor Banner Flag MLB ,"Chicago Cubs W WIN Authentic 27""x37"" Polyester Indoor/Outdoor Banner Flag MLB",http://i.ebayimg.com/images/g/itwAAOSwkl5XdDyN/s-l300.jpg,US $24.95,5.0 out of 5 stars,Chicago
,,,,,Cubs
,,,,,WIN
,,,,,Authentic
,,,,,Indoor
,,,,,Outdoor
,,,,,Banner
,,,,,Flag
,,,,,MLB
Chicago Cubs 2016 World Series Hoodie Sweatshirt Mens Size S 5XL ,Chicago Cubs 2016 World Series Hoodie Sweatshirt Men&apos;s Size S - 5XL,http://i.ebayimg.com/images/g/1jsAAOSwXeJYDCrk/s-l300.jpg,US $36.95,5.0 out of 5 stars,Chicago
,,,,,Cubs
,,,,,World
,,,,,Series
,,,,,Hoodie
,,,,,Sweatshirt
,,,,,Mens
Chicago Cubs 2016 World Series Team Photo TM006 Size 11 x 14,"Chicago Cubs 2016 World Series Team Photo TM006 (Size: 11"" x 14"")",http://i.ebayimg.com/images/g/Pm8AAOSwKOJYG1Me/s-l300.jpg,US $23.99,5.0 out of 5 stars,Chicago
,,,,,Cubs
,,,,,World
,,,,,Series
,,,,,Team
,,,,,Photo
Chicago Cubs 2016 World Series Champions Custom Trophy T Shirt Brand New S 3XL,Chicago Cubs 2016 World Series Champions Custom Trophy T-Shirt Brand New S-3XL,http://i.ebayimg.com/images/g/Sp4AAOSwal5YH~ia/s-l300.jpg,US $14.99,5.0 out of 5 stars,Chicago
,,,,,Cubs
,,,,,World
,,,,,Series
,,,,,Champions
,,,,,Custom
,,,,,Trophy
,,,,,T
,,,,,Shirt
,,,,,Brand
,,,,,New
,,,,,TShirt
Official 2016 World Series Champions Champs New Era 39THIRTY Hat Chicago Cubs ,Official 2016 World Series Champions Champs New Era 39THIRTY Hat Chicago Cubs,http://i.ebayimg.com/images/g/cwcAAOSwXeJYGsUP/s-l300.jpg,US $59.99,5.0 out of 5 stars,Official
,,,,,World
,,,,,Series
,,,,,Champions
,,,,,Champs
,,,,,New
,,,,,Era
,,,,,Hat
,,,,,Chicago
,,,,,Cubs
NEW ERA LA Los Angeles Dodgers 9forty Cap Pinch Hitter Game Hat One Size Blue ,NEW ERA LA Los Angeles Dodgers 9forty Cap Pinch Hitter Game Hat One Size Blue,http://i.ebayimg.com/images/g/8d8AAOSwmLlX~tpU/s-l300.jpg,US $15.00,5.0 out of 5 stars,NEW
,,,,,ERA
,,,,,LA
,,,,,Los
,,,,,Angeles
,,,,,Dodgers
,,,,,Cap
,,,,,Game
,,,,,Hat
,,,,,One
,,,,,Blue
Los Angeles LA Dodgers Stars Stripes Flag MLB Baseball Indoor Outdoor 3x5,Los Angeles LA Dodgers Stars & Stripes Flag MLB Baseball Indoor Outdoor 3x5,http://i.ebayimg.com/images/g/taQAAOSwal5YCUUD/s-l300.jpg,US $14.99,5.0 out of 5 stars,Los
,,,,,Angeles
,,,,,LA
,,,,,Dodgers
,,,,,Stars
,,,,,Stripes
,,,,,Flag
,,,,,MLB
,,,,,Baseball
,,,,,Indoor
,,,,,Outdoor
LA Dodgers Baseball Jersey 2XL Majestic Blue MLB Los Angeles ,LA Dodgers Baseball Jersey 2XL Majestic Blue MLB Los Angeles,http://i.ebayimg.com/images/g/yi0AAOSwXeJYJjv4/s-l300.jpg,US $36.00,5.0 out of 5 stars,LA
,,,,,Dodgers
,,,,,Baseball
,,,,,Jersey
,,,,,Majestic
,,,,,Blue
,,,,,MLB
,,,,,Los
,,,,,Angeles
Mens LA DODGERS Stitches Full Zip Jacket Size M ,Men&apos;s LA DODGERS Stitches Full Zip Jacket Size M,http://i.ebayimg.com/images/g/zSUAAOSw4GVYGnVm/s-l300.jpg,US $39.99,5.0 out of 5 stars,Mens
,,,,,LA
,,,,,DODGERS
,,,,,Stitches
,,,,,Full
,,,,,Zip
,,,,,Jacket
L A Dodgers Navy Blue 15oz Ceramic Relief Mug ,L.A. Dodgers Navy Blue 15oz. Ceramic Relief Mug,http://i.ebayimg.com/images/g/X3wAAOSwal5YJjvK/s-l300.jpg,US $17.60,5.0 out of 5 stars,Dodgers
,,,,,Navy
,,,,,Blue
,,,,,Ceramic
,,,,,Relief
,,,,,Mug
,,,,,LA
New York Yankees 24 x 36 Genuine Wool World Series Dynasty Banner MLB,"New York Yankees 24"" x 36"" Genuine Wool World Series Dynasty Banner MLB",http://i.ebayimg.com/images/g/4VsAAOSwg3FUme6n/s-l300.jpg,US $51.95,No rating available,New
,,,,,York
,,,,,Yankees
,,,,,Genuine
,,,,,Wool
,,,,,World
,,,,,Series
,,,,,Dynasty
,,,,,Banner
,,,,,MLB
New York Yankees Cap NY Logo MLB Hat Fitted Embroidered On Field Game Basic NYC,New York Yankees Cap NY Logo MLB Hat Fitted Embroidered On Field Game Basic NYC,http://i.ebayimg.com/images/g/YSgAAOSwPCVX9W1G/s-l300.jpg,US $9.99,No rating available,New
,,,,,York
,,,,,Yankees
,,,,,Cap
,,,,,NY
,,,,,Logo
,,,,,MLB
,,,,,Hat
,,,,,Fitted
,,,,,Embroidered
,,,,,Field
,,,,,Game
,,,,,Basic
,,,,,NYC
VTG 90S NEW YORK YANKEES NY MAJESTIC SEWN GREY JERSEY NY MLB MENS USA S EUC,VTG 90S NEW YORK YANKEES NY MAJESTIC SEWN GREY JERSEY NY MLB MENS USA S EUC,http://i.ebayimg.com/images/g/iyUAAOSwRQlXdBFf/s-l300.jpg,US $34.99,No rating available,NEW
,,,,,YORK
,,,,,YANKEES
,,,,,NY
,,,,,MAJESTIC
,,,,,SEWN
,,,,,GREY
,,,,,JERSEY
,,,,,NY
,,,,,MLB
,,,,,MENS
,,,,,USA
,,,,,EUC
New York Yankees Batting Shirt MLB Size XL,New York Yankees Batting Shirt MLB Size XL,http://i.ebayimg.com/images/g/jikAAOSwdsFXTEcx/s-l300.jpg,US $8.99,No rating available,New
,,,,,York
,,,,,Yankees
,,,,,Batting
,,,,,Shirt
,,,,,MLB
Northwest MLB Baseball New York Yankees Large Logo Fleece Throw Blanket ,Northwest MLB Baseball New York Yankees Large Logo Fleece Throw Blanket,http://i.ebayimg.com/images/g/xjQAAOSwuMFUeYxr/s-l300.jpg,US $18.44,No rating available,MLB
,,,,,Baseball
,,,,,New
,,,,,York
,,,,,Yankees
,,,,,Large
,,,,,Logo
,,,,,Fleece
,,,,,Throw
,,,,,Blanket
San Francisco SF GIANTS ALTERNATE New Era 59FIFTY Fitted Caps MLB On Field Hats ,San Francisco SF GIANTS ALTERNATE New Era 59FIFTY Fitted Caps MLB On Field Hats,http://i.ebayimg.com/images/g/w~wAAOSwo0JWGZHN/s-l300.jpg,US $24.99,No rating available,San
,,,,,Francisco
,,,,,SF
,,,,,GIANTS
,,,,,New
,,,,,Era
,,,,,Fitted
,,,,,Caps
,,,,,MLB
,,,,,Field
,,,,,Hats
San Francisco Giants Full Size 12 X 30 MLB Pennant ,"San Francisco Giants Full Size 12"" X 30"" MLB Pennant",http://i.ebayimg.com/images/g/ofkAAOSwcBhWa9BL/s-l300.jpg,US $8.95,5.0 out of 5 stars,San
,,,,,Francisco
,,,,,Giants
,,,,,Full
,,,,,MLB
,,,,,Pennant
47 Brand San Francisco Giants Calgary Knit Hat Orange Black MLB,&apos;47 Brand San Francisco Giants Calgary Knit Hat - Orange/Black - MLB,http://i.ebayimg.com/images/g/kK0AAOSw44BYJeqT/s-l300.jpg,US $14.39,5.0 out of 5 stars,Brand
,,,,,San
,,,,,Francisco
,,,,,Giants
,,,,,Calgary
,,,,,Knit
,,,,,Hat
,,,,,Orange
,,,,,Black
,,,,,MLB
SF Giants Baseball T Shirt XL San Francisco Tee 2 small holes ,SF Giants Baseball T Shirt XL - San Francisco Tee - 2 small holes,http://i.ebayimg.com/images/g/vF4AAOSw3YNXbFES/s-l300.jpg,US $7.99,5.0 out of 5 stars,SF
,,,,,Giants
,,,,,Baseball
,,,,,T
,,,,,Shirt
,,,,,San
,,,,,Francisco
,,,,,Tee
,,,,,small
San Francisco Giants Dont Stop BeliEVEN T Shirt New 2016 Playoffs,San Francisco Giants Don&apos;t Stop BeliEVEN T-Shirt (New) 2016 Playoffs,http://i.ebayimg.com/images/g/legAAOSwpLNX9o1X/s-l300.jpg,US $17.99,5.0 out of 5 stars,San
,,,,,Francisco
,,,,,Giants
,,,,,T
,,,,,Shirt
,,,,,New
,,,,,Playoffs
,,,,,TShirt
,,,,,New
NEW ERA Boston Red Sox Hat Cap Men Pinch Hitter 940 One Size Poly Navy Blue ,NEW ERA Boston Red Sox Hat Cap Men Pinch Hitter 940 One Size Poly Navy Blue,http://i.ebayimg.com/images/g/R3UAAOSwPhdVNV~X/s-l300.jpg,US $14.95,5.0 out of 5 stars,NEW
,,,,,ERA
,,,,,Boston
,,,,,Red
,,,,,Sox
,,,,,Hat
,,,,,Cap
,,,,,Men
,,,,,One
,,,,,Navy
,,,,,Blue
Boston Red Sox Tee Shirt Youth Sizes Boys New MLB Majestic,Boston Red Sox Tee Shirt Youth Sizes Boys New MLB Majestic,http://i.ebayimg.com/images/g/N5MAAOSwq7JT4R~w/s-l300.jpg,US $12.49,5.0 out of 5 stars,Boston
,,,,,Red
,,,,,Sox
,,,,,Tee
,,,,,Shirt
,,,,,Youth
,,,,,Boys
,,,,,New
,,,,,MLB
,,,,,Majestic
Boston Red Sox 2004 World Series Champs Magnet MLB,Boston Red Sox 2004 World Series Champs Magnet MLB,"http://i.ebayimg.com/13/!B0joGS!CWk~$(KGrHqF,!i0Ew5WCg,OFBM,zT+U,jQ~~_35.JPG?set_id=8800005007",US $3.49,5.0 out of 5 stars,Boston
,,,,,Red
,,,,,Sox
,,,,,World
,,,,,Series
,,,,,Champs
,,,,,Magnet
,,,,,MLB
MLB Boston Red Sox True Fan Traditional Jersey Button Up Mens Baseball ,MLB Boston Red Sox True Fan Traditional Jersey Button Up Mens Baseball,http://i.ebayimg.com/images/g/zpEAAOSwImRYEmgk/s-l300.jpg,US $15.95,5.0 out of 5 stars,MLB
,,,,,Boston
,,,,,Red
,,,,,Sox
,,,,,Fan
,,,,,Traditional
,,,,,Jersey
,,,,,Button
,,,,,Up
,,,,,Mens
,,,,,Baseball
Boston Red Sox 2004 World Series Sports Illustrated Commemorative Issue,Boston Red Sox 2004 World Series Sports Illustrated Commemorative Issue,http://i.ebayimg.com/images/g/GaMAAOSwgZ1Xr0Cy/s-l300.jpg,US $9.99,5.0 out of 5 stars,Boston
,,,,,Red
,,,,,Sox
,,,,,World
,,,,,Series
,,,,,Sports
,,,,,Illustrated
,,,,,Commemorative
,,,,,Issue
2015 Kris Bryant 20 Card Lot Panini USA Stars and Stripes Rookie Cubs ,2015 Kris Bryant 20 Card Lot - Panini USA Stars and Stripes Rookie - Cubs,http://i.ebayimg.com/images/g/a3MAAOSwawpXvHXx/s-l300.jpg,US $14.99,5.0 out of 5 stars,Kris
,,,,,Bryant
,,,,,Card
,,,,,Lot
,,,,,Panini
,,,,,USA
,,,,,Stars
,,,,,Stripes
,,,,,Rookie
,,,,,Cubs
Kris Bryant Chicago Cubs Youth White Official Cool Base Player Jersey ,Kris Bryant Chicago Cubs Youth White Official Cool Base Player Jersey,http://i.ebayimg.com/images/g/e0oAAOSwXyVYJjzn/s-l300.jpg,US $54.99,5.0 out of 5 stars,Kris
,,,,,Bryant
,,,,,Chicago
,,,,,Cubs
,,,,,Youth
,,,,,White
,,,,,Official
,,,,,Cool
,,,,,Base
,,,,,Player
,,,,,Jersey
Kris Bryant Chicago Cubs Nation Bobblehead MLB ,Kris Bryant Chicago Cubs Nation Bobblehead - MLB,http://i.ebayimg.com/images/g/VaUAAOSwcLxYJhmG/s-l300.jpg,US $29.99,No rating available,Kris
,,,,,Bryant
,,,,,Chicago
,,,,,Cubs
,,,,,Nation
,,,,,Bobblehead
,,,,,MLB
MLB Chicago Cubs Kris Bryant 2015 Player Poster 22x34 Baseball ,MLB Chicago Cubs - Kris Bryant 2015 Player Poster 22x34 Baseball,http://i.ebayimg.com/images/g/kukAAOSw~bFWJvzi/s-l300.jpg,US $8.99,No rating available,MLB
,,,,,Chicago
,,,,,Cubs
,,,,,Kris
,,,,,Bryant
,,,,,Player
,,,,,Poster
,,,,,Baseball
MLB Chicago Cubs Kris Bryant Name Number World Series Champions T Shirt 2X La ,MLB Chicago Cubs Kris Bryant Name & Number World Series Champions T-Shirt-2X-La,http://i.ebayimg.com/images/g/OfMAAOSwKOJYJj8n/s-l300.jpg,US $32.99,No rating available,MLB
,,,,,Chicago
,,,,,Cubs
,,,,,Kris
,,,,,Bryant
,,,,,Name
,,,,,World
,,,,,Series
,,,,,Champions
,,,,,T
,,,,,Shirt
,,,,,La
Clayton Kershaw 2008 Upper Deck SP Timelines Top Prospects 97 RC ,Clayton Kershaw - 2008 Upper Deck SP Timelines Top Prospects #97 RC,http://i.ebayimg.com/images/g/kfIAAOSw-CpYBWxm/s-l300.jpg,US $9.95,No rating available,Clayton
,,,,,Kershaw
,,,,,Upper
,,,,,Deck
,,,,,Top
Clayton Kershaw Los Angeles Dodgers 22 Adult Men M L XL White Replica Jersey ,Clayton Kershaw Los Angeles Dodgers #22 Adult Men M L XL White Replica Jersey,http://i.ebayimg.com/images/g/ftQAAOSwbsBXjokY/s-l300.jpg,US $59.95,No rating available,Clayton
,,,,,Kershaw
,,,,,Los
,,,,,Angeles
,,,,,Dodgers
,,,,,Adult
,,,,,Men
,,,,,White
,,,,,Replica
,,,,,Jersey
Clayton Kershaw Majestic Los Angeles Dodgers T Shirt MLB ,Clayton Kershaw Majestic Los Angeles Dodgers T-Shirt - MLB,http://i.ebayimg.com/images/g/3zkAAOSw5cNYJfj4/s-l300.jpg,US $27.99,No rating available,Clayton
,,,,,Kershaw
,,,,,Majestic
,,,,,Los
,,,,,Angeles
,,,,,Dodgers
,,,,,T
,,,,,Shirt
,,,,,MLB
,,,,,TShirt
CLAYTON KERSHAW LOS ANGELES DODGERS POSTER 22x34 BASEBALL MLB 13429 ,CLAYTON KERSHAW - LOS ANGELES DODGERS POSTER - 22x34 BASEBALL MLB 13429,http://i.ebayimg.com/images/g/QpMAAOSwk5FUuprO/s-l300.jpg,US $7.95,No rating available,CLAYTON
,,,,,KERSHAW
,,,,,LOS
,,,,,ANGELES
,,,,,DODGERS
,,,,,POSTER
,,,,,BASEBALL
,,,,,MLB
CLAYTON KERSHAW Los Angeles Dodgers Glossy 8 x 10 Photo Poster,CLAYTON KERSHAW Los Angeles Dodgers Glossy 8 x 10 Photo Poster,http://i.ebayimg.com/images/g/yb0AAOSwsN9XBrpg/s-l300.jpg,US $3.99,No rating available,CLAYTON
,,,,,KERSHAW
,,,,,Los
,,,,,Angeles
,,,,,Dodgers
,,,,,Glossy
,,,,,Photo
,,,,,Poster
GARY SANCHEZ 2016 TOPPS SERIES 2 RAINBOW FOIL 675 RC ,GARY SANCHEZ 2016 TOPPS SERIES 2 RAINBOW FOIL #675 RC,http://i.ebayimg.com/images/g/oJ0AAOSwKOJYJlpQ/s-l300.jpg,US $3.00,No rating available,GARY
,,,,,SANCHEZ
,,,,,TOPPS
,,,,,SERIES
,,,,,FOIL
Gary Sanchez Majestic New York Yankees T Shirt MLB ,Gary Sanchez Majestic New York Yankees T-Shirt - MLB,http://i.ebayimg.com/images/g/uXoAAOSwImRYD2e6/s-l300.jpg,US $17.99,No rating available,Gary
,,,,,Sanchez
,,,,,Majestic
,,,,,New
,,,,,York
,,,,,Yankees
,,,,,T
,,,,,Shirt
,,,,,MLB
,,,,,TShirt
Gary Sanchez New York Yankees Backer T Shirt Navy MLB ,Gary Sanchez New York Yankees Backer T-Shirt - Navy - MLB,http://i.ebayimg.com/images/g/XgcAAOSwzaJX8uQT/s-l300.jpg,US $34.99,No rating available,Gary
,,,,,Sanchez
,,,,,New
,,,,,York
,,,,,Yankees
,,,,,Backer
,,,,,T
,,,,,Shirt
,,,,,Navy
,,,,,MLB
,,,,,TShirt
Gary Sanchez Framed 8x10 Photo Poster Yankees ,Gary Sanchez Framed 8x10 Photo Poster Yankees,http://i.ebayimg.com/images/g/9VkAAOSwMVdYD7vY/s-l300.jpg,US $34.99,No rating available,Gary
,,,,,Sanchez
,,,,,Framed
,,,,,Photo
,,,,,Poster
,,,,,Yankees
New GARY SANCHEZ New York Yankees 2016 Superstar Premium 16x20 POSTER Print ,New GARY SANCHEZ New York Yankees 2016 Superstar Premium 16x20 POSTER Print,http://i.ebayimg.com/images/g/l2MAAOSwOyJX40UZ/s-l300.jpg,US $23.99,No rating available,New
,,,,,GARY
,,,,,SANCHEZ
,,,,,New
,,,,,York
,,,,,Yankees
,,,,,Superstar
,,,,,Premium
,,,,,POSTER
,,,,,Print
Dustin Pedroia 2010 Topps Series 2 Copper Card 109 399 Boston Red Sox ,Dustin Pedroia 2010 Topps Series 2 Copper Card #109/399 Boston Red Sox,http://i.ebayimg.com/images/g/PxwAAOSwKOJYIhCq/s-l300.jpg,US $5.99,No rating available,Dustin
,,,,,Pedroia
,,,,,Topps
,,,,,Series
,,,,,Copper
,,,,,Card
,,,,,Boston
,,,,,Red
,,,,,Sox
2016 Topps Museum Collection PP DP Dustin Pedroia d 3 25 Auto ,2016 Topps Museum Collection #PP-DP Dustin Pedroia #d 3/25 Auto,http://i.ebayimg.com/images/g/wOEAAOSwnbZYIkrC/s-l300.jpg,US $59.99,No rating available,Topps
,,,,,Museum
,,,,,Collection
,,,,,Dustin
,,,,,Pedroia
,,,,,Auto
NEW 15 Dustin Pedroia Red Sox Youth Sizes 4 5 6 7 8 10 12 14 16 18 Jersey ,NEW #15 Dustin Pedroia Red Sox Youth Sizes 4/5-6/7-8-10/12-14/16-18 Jersey,http://i.ebayimg.com/images/g/YWYAAOSw2GlXEB52/s-l300.jpg,US $21.24,No rating available,NEW
,,,,,Dustin
,,,,,Pedroia
,,,,,Red
,,,,,Sox
,,,,,Youth
,,,,,Jersey
999 Boston Red Sox DUSTIN PEDROIA Authentic BP Cool Base JERSEY BLUE New LARGE ,999 Boston Red Sox DUSTIN PEDROIA Authentic BP Cool Base JERSEY BLUE New LARGE,http://i.ebayimg.com/images/g/nQoAAOSwHoFXq5v4/s-l300.jpg,US $69.99,No rating available,Boston
,,,,,Red
,,,,,Sox
,,,,,DUSTIN
,,,,,PEDROIA
,,,,,Authentic
,,,,,Cool
,,,,,Base
,,,,,JERSEY
,,,,,BLUE
,,,,,New
,,,,,LARGE
Boston Red Sox DUSTIN PEDROIA Glossy 8x10 Photo Spotlight Print Baseball Poster ,Boston Red Sox DUSTIN PEDROIA Glossy 8x10 Photo Spotlight Print Baseball Poster,http://i.ebayimg.com/images/g/HHwAAOSwLnBXVjc~/s-l300.jpg,US $4.99,No rating available,Boston
,,,,,Red
,,,,,Sox
,,,,,DUSTIN
,,,,,PEDROIA
,,,,,Glossy
,,,,,Photo
,,,,,Spotlight
,,,,,Print
,,,,,Baseball
,,,,,Poster
MADISON BUMGARNER 2007 JUST MINORS JUSTIFIABLE PREVIEW RC AUTO 78 100 GIANTS ,MADISON BUMGARNER 2007 JUST MINORS JUSTIFIABLE PREVIEW RC AUTO #78/100 GIANTS,http://i.ebayimg.com/images/g/BlQAAOSwnbZYIQbD/s-l300.jpg,US $29.99,No rating available,MADISON
,,,,,BUMGARNER
,,,,,JUST
,,,,,MINORS
,,,,,JUSTIFIABLE
,,,,,AUTO
,,,,,GIANTS
2010 Topps Heritage RC Madison Bumgarner San Francisco Giants 161 ,2010 Topps Heritage RC Madison Bumgarner San Francisco Giants #161,http://i.ebayimg.com/images/g/EhoAAOSwMVdYF9yr/s-l300.jpg,US $4.00,No rating available,Topps
,,,,,Heritage
,,,,,Madison
,,,,,Bumgarner
,,,,,San
,,,,,Francisco
,,,,,Giants
Madison Bumgarner San Francisco Giants Orange Premier MLB Jersey Youth XL D13 ,Madison Bumgarner San Francisco Giants Orange Premier MLB Jersey Youth XL D13,http://i.ebayimg.com/images/g/Z9cAAOSw5cNYJLiL/s-l300.jpg,US $49.72,No rating available,Madison
,,,,,Bumgarner
,,,,,San
,,,,,Francisco
,,,,,Giants
,,,,,Orange
,,,,,Premier
,,,,,MLB
,,,,,Jersey
,,,,,Youth
Madison Bumgarner San Francisco Giants Gold Program MLB Jersey Youth Medium D13 ,Madison Bumgarner San Francisco Giants Gold Program MLB Jersey Youth Medium D13,http://i.ebayimg.com/images/g/XF0AAOSwKOJYJLRp/s-l300.jpg,US $49.72,No rating available,Madison
,,,,,Bumgarner
,,,,,San
,,,,,Francisco
,,,,,Giants
,,,,,Gold
,,,,,Program
,,,,,MLB
,,,,,Jersey
,,,,,Youth
2014 MLB World Series Madison Bumgarner Poster SF Giants 17 wide x 11 tall ,2014 MLB World Series Madison Bumgarner Poster,http://i.ebayimg.com/images/g/m6YAAOSwrx5UVU1b/s-l300.jpg,US $11.95,No rating available,MLB
,,,,,World
,,,,,Series
,,,,,Madison
,,,,,Bumgarner
,,,,,Poster
,,,,,SF
,,,,,Giants
,,,,,wide
,,,,,tall
NHL REEBOK Premier Columbus Blue Jackets Hockey Jersey New Youth S M MSRP 80,NHL REEBOK Premier Columbus Blue Jackets Hockey Jersey New Youth S/M MSRP $80,http://i.ebayimg.com/images/g/qiMAAOSwVL1WEHk-/s-l300.jpg,US $29.70,No rating available,NHL
,,,,,REEBOK
,,,,,Premier
,,,,,Columbus
,,,,,Blue
,,,,,Jackets
,,,,,Hockey
,,,,,Jersey
,,,,,New
,,,,,Youth
Majestic Columbus Blue Jackets Cross Check Long Sleeve T Shirt Navy Blue NHL,Majestic Columbus Blue Jackets Cross Check Long Sleeve T-Shirt - Navy Blue - NHL,http://i.ebayimg.com/images/g/G60AAOSw9N1Vyhi9/s-l300.jpg,US $26.99,No rating available,Majestic
,,,,,Columbus
,,,,,Blue
,,,,,Jackets
,,,,,Check
,,,,,Long
,,,,,Sleeve
,,,,,T
,,,,,Shirt
,,,,,Navy
,,,,,Blue
,,,,,NHL
,,,,,TShirt
Columbus Blue Jackets Navy Oxford Bow Tie ,Columbus Blue Jackets Navy Oxford Bow Tie,http://i.ebayimg.com/images/g/oDoAAOSwayZXjOXj/s-l300.jpg,US $19.99,No rating available,Columbus
,,,,,Blue
,,,,,Jackets
,,,,,Navy
,,,,,Oxford
,,,,,Bow
,,,,,Tie
Columbus Blue Jackets NHL Hockey Structured Baseball Hat Adult One Size NEW Cap ,Columbus Blue Jackets NHL Hockey Structured Baseball Hat Adult One Size NEW Cap,http://i.ebayimg.com/images/g/flUAAOxyOalTXFM5/s-l300.jpg,US $12.99,No rating available,Columbus
,,,,,Blue
,,,,,Jackets
,,,,,NHL
,,,,,Hockey
,,,,,Baseball
,,,,,Hat
,,,,,Adult
,,,,,One
,,,,,NEW
,,,,,Cap
NEW REEBOK COLUMBUS BLUE JACKETS BLUE TODDLER BEANIE HAT NHL HOCKEY ST15,NEW REEBOK COLUMBUS BLUE JACKETS BLUE TODDLER BEANIE HAT NHL HOCKEY ST15,http://i.ebayimg.com/images/g/YXAAAOSwoudW5boe/s-l300.jpg,US $9.99,No rating available,NEW
,,,,,REEBOK
,,,,,COLUMBUS
,,,,,BLUE
,,,,,JACKETS
,,,,,BLUE
,,,,,TODDLER
,,,,,BEANIE
,,,,,HAT
,,,,,NHL
,,,,,HOCKEY
Pittsburgh Penguins Reebok Youth Lets Go Pens T Shirt Gold,Pittsburgh Penguins Reebok Youth Let&apos;s Go Pens T-Shirt - Gold,http://i.ebayimg.com/images/g/asYAAOSwNsdXRu-6/s-l300.jpg,US $19.99,No rating available,Pittsburgh
,,,,,Penguins
,,,,,Reebok
,,,,,Youth
,,,,,Lets
,,,,,Go
,,,,,Pens
,,,,,T
,,,,,Shirt
,,,,,Gold
,,,,,TShirt
KRIS LETANG PITTSBURGH PENGUINS 2016 NHL STANLEY CUP FINAL REEBOK PREMIER JERSEY ,KRIS LETANG PITTSBURGH PENGUINS 2016 NHL STANLEY CUP FINAL REEBOK PREMIER JERSEY,http://i.ebayimg.com/images/g/GpcAAOSwpLNX-T2o/s-l300.jpg,US $99.95,No rating available,KRIS
,,,,,PITTSBURGH
,,,,,PENGUINS
,,,,,NHL
,,,,,STANLEY
,,,,,CUP
,,,,,FINAL
,,,,,REEBOK
,,,,,PREMIER
,,,,,JERSEY
Pittsburgh Penguins 32 Embroidered Genuine Wool Heritage Banner NHL Hologram ,"Pittsburgh Penguins 32"" Embroidered Genuine Wool Heritage Banner NHL Hologram",http://i.ebayimg.com/images/g/HlcAAOSwoi1X8xoG/s-l300.jpg,US $19.95,No rating available,Pittsburgh
,,,,,Penguins
,,,,,Embroidered
,,,,,Genuine
,,,,,Wool
,,,,,Heritage
,,,,,Banner
,,,,,NHL
,,,,,Hologram
2016 2017 Pittsburgh Penguins 50th Anniversary Jersey Patch 100 Official Emblem ,2016 2017 Pittsburgh Penguins 50th Anniversary Jersey Patch 100% Official Emblem,http://i.ebayimg.com/images/g/ZjIAAOSwpLNYB80T/s-l300.jpg,US $12.95,5.0 out of 5 stars,Pittsburgh
,,,,,Penguins
,,,,,Anniversary
,,,,,Jersey
,,,,,Patch
,,,,,Official
,,,,,Emblem
Pittsburgh Penguins Roar Duffle Bag NHL,Pittsburgh Penguins Roar Duffle Bag - NHL,http://i.ebayimg.com/images/g/5p0AAOSwMmBVvEF8/s-l300.jpg,US $27.99,5.0 out of 5 stars,Pittsburgh
,,,,,Penguins
,,,,,Duffle
,,,,,Bag
,,,,,NHL
New York Rangers Reebok Playoff Structured Flex Hat Charcoal Royal NHL,New York Rangers Reebok Playoff Structured Flex Hat - Charcoal/Royal - NHL,http://i.ebayimg.com/images/g/xO4AAOSwI2xX8a49/s-l300.jpg,US $29.99,5.0 out of 5 stars,New
,,,,,York
,,,,,Rangers
,,,,,Reebok
,,,,,Playoff
,,,,,Flex
,,,,,Hat
,,,,,Charcoal
,,,,,Royal
,,,,,NHL
New York Rangers NHL Color Die Cut Decal Car Sticker Free Shipping,New York Rangers NHL Color Die-Cut Decal / Car Sticker *Free Shipping,http://i.ebayimg.com/images/g/WYIAAOSwB4NWu75m/s-l300.jpg,US $4.37,5.0 out of 5 stars,New
,,,,,York
,,,,,Rangers
,,,,,NHL
,,,,,Color
,,,,,Cut
,,,,,Decal
,,,,,Car
,,,,,Sticker
,,,,,Free
,,,,,Free
2016 2017 New York Rangers Pin Team Issue Brand New NY NYR 90 Years ,2016-2017 New York Rangers Pin Team Issue Brand New NY NYR 90 Years,http://i.ebayimg.com/images/g/ErMAAOSw5cNYG26M/s-l300.jpg,US $4.00,5.0 out of 5 stars,New
,,,,,York
,,,,,Rangers
,,,,,Pin
,,,,,Team
,,,,,Issue
,,,,,Brand
,,,,,New
,,,,,NY
,,,,,NYR
,,,,,Years
Ryan McDonagh Reebok New York Rangers T Shirt NHL,Ryan McDonagh Reebok New York Rangers T-Shirt - NHL,http://i.ebayimg.com/images/g/A6wAAOSwpLNX8C16/s-l300.jpg,US $27.99,5.0 out of 5 stars,Ryan
,,,,,McDonagh
,,,,,Reebok
,,,,,New
,,,,,York
,,,,,Rangers
,,,,,T
,,,,,Shirt
,,,,,NHL
,,,,,TShirt
Reebok Premier NY New York Rangers Keith Yandle Hockey Jersey Medium M NHL RBK ,Reebok Premier NY New York Rangers Keith Yandle Hockey Jersey Medium M NHL RBK,http://i.ebayimg.com/images/g/HP8AAOSwHMJYJho3/s-l300.jpg,US $65.00,5.0 out of 5 stars,Reebok
,,,,,Premier
,,,,,NY
,,,,,New
,,,,,York
,,,,,Rangers
,,,,,Keith
,,,,,Hockey
,,,,,Jersey
,,,,,NHL
Antigua Philadelphia Flyers Mens Leader Pullover,Antigua Philadelphia Flyers Men&apos;s Leader Pullover,http://i.ebayimg.com/images/g/jVkAAOSwA3dYIgmO/s-l300.jpg,US $53.18,5.0 out of 5 stars,Antigua
,,,,,Philadelphia
,,,,,Flyers
,,,,,Mens
,,,,,Leader
,,,,,Pullover
Philadelphia Flyers NHL 12 x 6 Metal License Plate Frame Philly by Rico310585 ,"Philadelphia Flyers NHL 12"" x 6"" Metal License Plate Frame Philly by Rico310585",http://i.ebayimg.com/images/g/e1oAAOSwPCVX3Gi7/s-l300.jpg,US $11.46,5.0 out of 5 stars,Philadelphia
,,,,,Flyers
,,,,,NHL
,,,,,Metal
,,,,,License
,,,,,Plate
,,,,,Frame
,,,,,Philly
Philadelphia Flyers Reebok NHL Orange T Shirt Jersey 48 Briere 2XL ,Philadelphia Flyers Reebok NHL Orange T-Shirt Jersey #48 Briere 2XL,http://i.ebayimg.com/images/g/2RUAAOSwMtxXrrWR/s-l300.jpg,US $5.49,No rating available,Philadelphia
,,,,,Flyers
,,,,,Reebok
,,,,,NHL
,,,,,Orange
,,,,,T
,,,,,Shirt
,,,,,Jersey
,,,,,TShirt
NHL Hockey Philadelphia Flyers Banner House Logo Orange Flag 42 x 28 ,"NHL Hockey Philadelphia Flyers Banner House Logo Orange Flag 42"" x 28""",http://i.ebayimg.com/images/g/YAoAAOSwMgdX0zml/s-l300.jpg,US $14.95,No rating available,NHL
,,,,,Hockey
,,,,,Philadelphia
,,,,,Flyers
,,,,,Banner
,,,,,House
,,,,,Logo
,,,,,Orange
,,,,,Flag
NEW WINTER CLASSIC PHILADELPHIA FLYERS ADULT BEANIE HAT CAP by REEBOK,NEW WINTER CLASSIC PHILADELPHIA FLYERS ADULT BEANIE HAT CAP by REEBOK,http://i.ebayimg.com/images/g/sS0AAOSwPYZU2oxV/s-l300.jpg,US $11.89,No rating available,NEW
,,,,,WINTER
,,,,,CLASSIC
,,,,,PHILADELPHIA
,,,,,FLYERS
,,,,,ADULT
,,,,,BEANIE
,,,,,HAT
,,,,,CAP
,,,,,REEBOK
Carolina Hurricanes Red Distressed Team Primary Logo Tri Blend T Shirt ,Carolina Hurricanes Red Distressed Team Primary Logo Tri-Blend T-Shirt,http://i.ebayimg.com/images/g/VR8AAOSwx2dYJfwU/s-l300.jpg,US $29.99,No rating available,Carolina
,,,,,Hurricanes
,,,,,Red
,,,,,Distressed
,,,,,Team
,,,,,Primary
,,,,,Logo
,,,,,Tri
,,,,,Blend
,,,,,T
,,,,,Shirt
,,,,,TriBlend
,,,,,TShirt
Carolina Hurricanes Antigua Victory Pullover Hoodie Red NHL ,Carolina Hurricanes Antigua Victory Pullover Hoodie - Red - NHL,http://i.ebayimg.com/images/g/-RkAAOSwnbZYIee3/s-l300.jpg,US $59.99,No rating available,Carolina
,,,,,Hurricanes
,,,,,Antigua
,,,,,Victory
,,,,,Pullover
,,,,,Hoodie
,,,,,Red
,,,,,NHL
NHL Carolina Hurricanes Car Flag ,NHL Carolina Hurricanes Car Flag,http://i.ebayimg.com/images/g/W74AAOSw6n5Xu76p/s-l300.jpg,US $12.49,No rating available,NHL
,,,,,Carolina
,,,,,Hurricanes
,,,,,Car
,,,,,Flag
Carolina Hurricanes Reebok NHL Structured Flex Fit Practice Hat Cap L XL,Carolina Hurricanes Reebok NHL Structured Flex Fit Practice Hat Cap L/XL,http://i.ebayimg.com/images/g/gboAAOSwX~dWp-Hd/s-l300.jpg,US $15.00,No rating available,Carolina
,,,,,Hurricanes
,,,,,Reebok
,,,,,NHL
,,,,,Flex
,,,,,Fit
,,,,,Hat
,,,,,Cap
Carolina Hurricanes Official NHL 3 Pack Ball Marker by Team Golf 13488,Carolina Hurricanes Official NHL 3 Pack Ball Marker by Team Golf 13488,http://i.ebayimg.com/images/g/COIAAOSwpLNYAVVX/s-l300.jpg,US $27.49,No rating available,Carolina
,,,,,Hurricanes
,,,,,Official
,,,,,NHL
,,,,,Pack
,,,,,Ball
,,,,,Marker
,,,,,Team
,,,,,Golf
Nike NIKECOURT Premier Rafa Nadal VAMOS MENS T SHIRT Black XL 850860 010 ,"Nike NIKECOURT Premier Rafa Nadal ""VAMOS"" MEN&apos;S T-SHIRT Black (XL) 850860-010",http://i.ebayimg.com/images/g/xLoAAOSw8w1X4RD1/s-l300.jpg,US $21.95,5.0 out of 5 stars,Nike
,,,,,NIKECOURT
,,,,,Premier
,,,,,Rafa
,,,,,Nadal
,,,,,VAMOS
,,,,,MENS
,,,,,T
,,,,,SHIRT
,,,,,Black
,,,,,VAMOS
,,,,,TSHIRT
Nike Premier Rafael Nadal Tennis Shirt Monte Carlo 2015 ,Nike Premier Rafael Nadal Tennis Shirt. Monte Carlo 2015.,http://i.ebayimg.com/images/g/mJwAAOSwHnFVmqaZ/s-l300.jpg,US $49.97,5.0 out of 5 stars,Nike
,,,,,Premier
,,,,,Rafael
,,,,,Nadal
,,,,,Tennis
,,,,,Shirt
,,,,,Monte
,,,,,Carlo
,,,,,Shirt
Rafael Nadal Tennis star poster 36 x 24 Decor 50 ,"Rafael Nadal Tennis star poster 36"" x 24"" Decor 50",http://i.ebayimg.com/images/g/OhkAAOSwg3FUqo5S/s-l300.jpg,US $9.99,5.0 out of 5 stars,Rafael
,,,,,Nadal
,,,,,Tennis
,,,,,star
,,,,,poster
,,,,,Decor
Rafa Rafael Nadal Tennis Grand Slam Wall Poster 40x24 ,"Rafa Rafael Nadal Tennis Grand Slam Wall Poster 40x24""",http://i.ebayimg.com/images/g/NvcAAMXQDnpTYiIP/s-l300.jpg,US $9.99,5.0 out of 5 stars,Rafa
,,,,,Rafael
,,,,,Nadal
,,,,,Tennis
,,,,,Grand
,,,,,Slam
,,,,,Wall
,,,,,Poster
Rafa by Rafael Nadal and John Carlin 2012 Paperback ,"Rafa by Rafael Nadal and John Carlin (2012, Paperback) 1401310923","http://i.ebayimg.com/00/z/BtIAAOxy2HFSXx9a/$T2eC16F,!)MFIbzIg7oYBS()9,Pb0!~~_35.JPG?set_id=89040003C1",US $16.25,No rating available,Rafa
,,,,,Rafael
,,,,,Nadal
,,,,,John
,,,,,Carlin
,,,,,Paperback
,,,,,Paperback
NIKE PREMIER RF V NECK ROGER FEDERER Tennis Shirt BLACK 688576 010 Mens MEDIUM,NIKE PREMIER RF V-NECK ROGER FEDERER Tennis Shirt BLACK 688576-010 (Mens MEDIUM),http://i.ebayimg.com/images/g/82UAAOSw3mpXJQFN/s-l300.jpg,US $29.99,5.0 out of 5 stars,NIKE
,,,,,PREMIER
,,,,,RF
,,,,,NECK
,,,,,ROGER
,,,,,FEDERER
,,,,,Tennis
,,,,,Shirt
,,,,,BLACK
,,,,,Mens
,,,,,Mens
New Nike RF Hybrid Hat Roger Federer Hat White with Green Letters 371202 110 ,New Nike RF Hybrid Hat Roger Federer Hat White with Green Letters 371202 110,http://i.ebayimg.com/images/g/arYAAOSwcUBYE~Vv/s-l300.jpg,US $21.99,5.0 out of 5 stars,New
,,,,,Nike
,,,,,RF
,,,,,Hybrid
,,,,,Hat
,,,,,Roger
,,,,,Federer
,,,,,Hat
,,,,,White
,,,,,Green
,,,,,Letters
Tennis Poster Roger Federer 13x19 inch ,The HiFi Hi Fi World of Violin Japan Audiophile NM CD Paganini Ensemble Chee-Yun,http://i.ebayimg.com/images/a/(KGrHqYOKjYE43-6s9ftBO(2SNdF3g~~/s-l300.jpg,US $19.99,5.0 out of 5 stars,Tennis
,,,,,Poster
,,,,,Roger
,,,,,Federer
,,,,,World
,,,,,Violin
,,,,,Japan
,,,,,Audiophile
,,,,,CD
,,,,,Paganini
,,,,,Ensemble
Roger Federer Quest for Perfection ,Roger Federer: Quest for Perfection 942257723,http://i.ebayimg.com/00/s/NDAwWDI2Ng==/z/ZaoAAOSw14xWIAJe/$_35.JPG?set_id=89040003C1,US $3.97,5.0 out of 5 stars,Roger
,,,,,Federer
,,,,,Quest
,,,,,Perfection
,,,,,Federer
Fedegraphica Graphic Biography Genius Roger Federer by Mark Hodgkinso Hardcover ,Fedegraphica: Graphic Biography Genius Roger Federer by Mark Hodgkinso Hardcover 1781315299,http://i.ebayimg.com/images/g/SSAAAOSwmtJXYGLX/s-l300.jpg,US $23.37,No rating available,Fedegraphica
,,,,,Graphic
,,,,,Biography
,,,,,Genius
,,,,,Roger
,,,,,Federer
,,,,,Mark
,,,,,Hardcover
,,,,,Fedegraphica
SERENA WILLIAMS TENNIS Poster Choose a Size 001 ,SERENA WILLIAMS TENNIS Poster - Choose a Size! #001,http://i.ebayimg.com/images/g/d6wAAOSw-itXuMHl/s-l300.jpg,US $9.50,No rating available,SERENA
,,,,,WILLIAMS
,,,,,TENNIS
,,,,,Poster
Serena Williams Tennis Player Sport Wall Print POSTER,Serena Williams Tennis Player Sport Wall Print POSTER,http://i.ebayimg.com/images/g/0BMAAOSwqRdXMZkJ/s-l300.jpg,US $5.95,No rating available,Serena
,,,,,Williams
,,,,,Tennis
,,,,,Player
,,,,,Sport
,,,,,Wall
,,,,,Print
,,,,,POSTER
SERENA WILLIAMS RARE NO EXCUSES BACK WHERE YOU BELONG WTA TOUR CHAMPION POSTER ,SERENA WILLIAMS RARE NO EXCUSES BACK WHERE YOU BELONG WTA TOUR CHAMPION POSTER,http://i.ebayimg.com/images/g/2rsAAOSw2s1U1NRu/s-l300.jpg,US $6.80,No rating available,SERENA
,,,,,WILLIAMS
,,,,,RARE
,,,,,NO
,,,,,EXCUSES
,,,,,BACK
,,,,,WHERE
,,,,,YOU
,,,,,CHAMPION
,,,,,POSTER
3 SERENA WILLIAMS COLLECTIBLE NIKE GIFT CARDS TENNIS WIMBLEDON US OPEN SLAM USA ,3 SERENA WILLIAMS COLLECTIBLE NIKE GIFT CARDS TENNIS WIMBLEDON US OPEN SLAM USA,http://i.ebayimg.com/images/g/4SsAAOSweW5Vc5Sk/s-l300.jpg,US $2.99,No rating available,SERENA
,,,,,WILLIAMS
,,,,,COLLECTIBLE
,,,,,NIKE
,,,,,GIFT
,,,,,CARDS
,,,,,TENNIS
,,,,,WIMBLEDON
,,,,,US
,,,,,OPEN
,,,,,SLAM
,,,,,USA
Sports Illustrated Serena Williams Wimbledon Tennis 7 12 2010 ,Sports Illustrated Serena Williams Wimbledon Tennis 7/12/2010,http://i.ebayimg.com/images/g/ZE8AAOSwBP9UXQpV/s-l300.jpg,US $2.99,No rating available,Sports
,,,,,Illustrated
,,,,,Serena
,,,,,Williams
,,,,,Wimbledon
,,,,,Tennis
NIKE DRI FIT MARIA SHARAPOVA SIGNATURE TENNIS SKIRT WOMENS M NEW NWTS ,NIKE DRI-FIT MARIA SHARAPOVA SIGNATURE TENNIS SKIRT WOMENS M NEW NWTS,http://i.ebayimg.com/images/g/SbcAAOSwXeJYIkHc/s-l300.jpg,US $29.99,No rating available,NIKE
,,,,,DRI
,,,,,FIT
,,,,,MARIA
,,,,,SHARAPOVA
,,,,,SIGNATURE
,,,,,TENNIS
,,,,,SKIRT
,,,,,WOMENS
,,,,,NEW
,,,,,DRIFIT
SHARPER IMAGE CATALOG NOVEMBER 2004 MARIA SHARAPOVA ,SHARPER IMAGE CATALOG NOVEMBER 2004 MARIA SHARAPOVA,http://i.ebayimg.com/images/g/SEsAAOSwd0BVvUcs/s-l300.jpg,US $6.99,No rating available,SHARPER
,,,,,IMAGE
,,,,,CATALOG
,,,,,MARIA
,,,,,SHARAPOVA
1 Maria Sharapova Roland Garros 2014 Tennis Champion Fridge Magnet 2 5 x 3 5 ,"#1 Maria Sharapova Roland Garros 2014 Tennis Champion Fridge Magnet 2.5"" x 3.5""",http://i.ebayimg.com/images/g/NhYAAOSwsFpWRNAA/s-l300.jpg,US $4.50,No rating available,Maria
,,,,,Sharapova
,,,,,Roland
,,,,,Garros
,,,,,Tennis
,,,,,Champion
,,,,,Fridge
,,,,,Magnet
Maria Sharapova Eau De Parfum Spray 3 4 oz Women ,Maria Sharapova Eau De Parfum Spray 3.4 oz Women,http://i.ebayimg.com/images/g/ONIAAOSwal5YJiHR/s-l300.jpg,US $29.50,No rating available,Maria
,,,,,Sharapova
,,,,,Eau
,,,,,De
,,,,,Parfum
,,,,,Spray
,,,,,Women
2005 ACE JAPAN MARIA SHARAPOVA J 2 YELLOW JERSEY ROOKIE RC SPECIAL EDITION ,2005 ACE JAPAN MARIA SHARAPOVA #J-2 YELLOW JERSEY ROOKIE RC SPECIAL EDITION,http://i.ebayimg.com/images/g/X~AAAOSwAYtWNWDE/s-l300.jpg,US $11.99,No rating available,JAPAN
,,,,,MARIA
,,,,,SHARAPOVA
,,,,,YELLOW
,,,,,JERSEY
,,,,,ROOKIE
,,,,,SPECIAL
,,,,,EDITION
Official Rio 2016 Olympic Games UNIQLO Tennis Novak Djokovic DRY EX Polo Shirt,Official Rio 2016 Olympic Games UNIQLO Tennis Novak Djokovic DRY EX Polo Shirt,http://i.ebayimg.com/images/g/d-YAAOSwMgdXxvwO/s-l300.jpg,US $50.59,No rating available,Official
,,,,,Olympic
,,,,,Games
,,,,,Tennis
,,,,,Novak
,,,,,Djokovic
,,,,,DRY
,,,,,Polo
,,,,,Shirt
2015 US Open Daily Tennis Magazine Novak Djokovic Poster Serena Williams Sept 6 ,2015 US Open Daily Tennis Magazine Novak Djokovic Poster Serena Williams Sept 6,http://i.ebayimg.com/images/g/NwUAAOSw9r1WB1It/s-l300.jpg,US $9.99,No rating available,US
,,,,,Open
,,,,,Daily
,,,,,Tennis
,,,,,Magazine
,,,,,Novak
,,,,,Djokovic
,,,,,Poster
,,,,,Serena
,,,,,Williams
NOVAK DJOKOVIC LOGO TSHIRT 2 SIDE Size S M L XL 2XL 3XL ,NOVAK DJOKOVIC LOGO TSHIRT 2 SIDE Size S M L XL 2XL 3XL,http://i.ebayimg.com/images/g/aPcAAOSwUEVYDpfu/s-l300.jpg,US $21.00,No rating available,NOVAK
,,,,,DJOKOVIC
,,,,,LOGO
,,,,,TSHIRT
NOVAK DJOKOVIC AUTOGRAPHED ROLAND GARROS FRENCH OPEN TENNIS BALL CAN 50 OFF ,NOVAK DJOKOVIC AUTOGRAPHED ROLAND GARROS FRENCH OPEN TENNIS BALL CAN-50% OFF,http://i.ebayimg.com/images/g/cToAAOSwOVpXUv5W/s-l300.jpg,US $49.99,No rating available,NOVAK
,,,,,DJOKOVIC
,,,,,AUTOGRAPHED
,,,,,ROLAND
,,,,,GARROS
,,,,,FRENCH
,,,,,OPEN
,,,,,TENNIS
,,,,,BALL
,,,,,CAN
Pro Tennis Player NOVAK DJOKOVIC Glossy 8x10 Photo Poster Print Australian Open ,Pro Tennis Player NOVAK DJOKOVIC Glossy 8x10 Photo Poster Print Australian Open,http://i.ebayimg.com/images/g/AokAAOSwNSxVF0wo/s-l300.jpg,US $4.99,No rating available,Pro
,,,,,Tennis
,,,,,Player
,,,,,NOVAK
,,,,,DJOKOVIC
,,,,,Glossy
,,,,,Photo
,,,,,Poster
,,,,,Print
,,,,,Australian
,,,,,Open
