URL,Title,Rating,Price_min,Price_max,Image,category
http://www.ebay.com/itm/Los-Angeles-Lakers-Official-NBA-Nylon-Trifold-Wallet-L-A-by-Rico-Industries/311731168253,Los Angeles Lakers Official NBA Nylon Trifold Wallet L.A. by Rico Industries,No rating available,8.07,8.07,http://i.ebayimg.com/images/g/pj8AAOSwWTRWx3PT/s-l300.jpg,Los Angeles Lakers
http://www.ebay.com/itm/LA-Lakers-Knit-Beanie-Toque-Skull-Cap-Winter-Hat-NEW-NBA-ADIDAS-trim-stripes/401202106192,LA Lakers Knit Beanie Toque Skull Cap Winter Hat NEW NBA - ADIDAS - trim stripes,No rating available,14.95,14.95,http://i.ebayimg.com/images/g/WPkAAOSwTA9X9whe/s-l300.jpg,Los Angeles Lakers
http://www.ebay.com/itm/Los-Angeles-Lakers-NBA-16-x-4-Plastic-Street-Sign-L-A-Rico-Industries-/162205928350,"Los Angeles Lakers NBA 16"" x 4"" Plastic Street Sign L.A. Rico Industries",No rating available,6.95,6.95,http://i.ebayimg.com/images/g/2jYAAOSw8gVX3Gj5/s-l300.jpg,Los Angeles Lakers
http://www.ebay.com/itm/Los-Angeles-Lakers-Vintage-Snapback-HAT-NWT/330782327989,Los Angeles Lakers Vintage Snapback HAT- NWT,No rating available,15.55,15.55,"http://i.ebayimg.com/images/a/(KGrHqR,!qwE+nTwyO3OBQN(lwzMQg~~/s-l300.jpg",Los Angeles Lakers
http://www.ebay.com/itm/LA-LAKERS-Grey-And-Black-Backpack-18-5-inches-/262711010932,LA LAKERS Grey And Black Backpack 18.5 inches,No rating available,14.99,14.99,http://i.ebayimg.com/images/g/mmsAAOSwcLxYIjA1/s-l300.jpg,Los Angeles Lakers
http://www.ebay.com/itm/New-York-Knicks-NBA-logo-Pin-/361818172263,New York Knicks NBA logo Pin,No rating available,4.99,4.99,http://i.ebayimg.com/images/g/mCQAAOSwXeJYCBpS/s-l300.jpg,New York Knicks
http://www.ebay.com/itm/New-York-Knicks-Official-NBA-8-x-32-Heritage-Banner-Flag-NY-by-Winning-Streak-/311516177885,"New York Knicks Official NBA 8"" x 32"" Heritage Banner Flag NY by Winning Streak",No rating available,22.43,22.43,http://i.ebayimg.com/images/g/R5IAAOSwL7VWhrX~/s-l300.jpg,New York Knicks
http://www.ebay.com/itm/New-York-Knicks-New-Era-NBA-Team-Logo-Fitted-59FIFTY-Cap-NWT-Mens-Sizes-/121731480198,New York Knicks New Era NBA Team Logo Fitted 59FIFTY Cap NWT Men&apos;s Sizes,No rating available,13.95,13.95,http://i.ebayimg.com/images/g/WZ0AAOSw~gRV38OW/s-l300.jpg,New York Knicks
http://www.ebay.com/itm/New-York-NY-Knicks-Throw-Blanket-Afghan-Tapestry/331986676244,New York NY Knicks Throw Blanket Afghan Tapestry,No rating available,46.95,46.95,http://i.ebayimg.com/images/g/oDsAAOSwLnBX7qWB/s-l300.jpg,New York Knicks
http://www.ebay.com/itm/Chicago-Bulls-adidas-Lifestyle-Bucket-Hat-Black-NBA/351630523007,Chicago Bulls adidas Lifestyle Bucket Hat - Black - NBA,No rating available,25.99,25.99,http://i.ebayimg.com/images/g/Yk8AAOSwL7VWmP-W/s-l300.jpg,Chicago Bulls
http://www.ebay.com/itm/Chicago-Bulls-NBA-Banner-Flag-3-x-5-36-x-60-NEW-/172152692696,"Chicago Bulls NBA Banner Flag   3&apos; x 5&apos;  (36"" x 60"") ~ NEW",No rating available,19.95,19.95,http://i.ebayimg.com/images/g/M9EAAOSwEK9W~YfG/s-l300.jpg,Chicago Bulls
http://www.ebay.com/itm/Chicago-Bulls-Mascot-Mat-NBA-Logo-Floor-Rug-Carpet-/272412210144,Chicago Bulls Mascot Mat NBA Logo Floor Rug Carpet,No rating available,37.24,37.24,http://i.ebayimg.com/images/g/zUcAAOSwzaJX~7kL/s-l300.jpg,Chicago Bulls
http://www.ebay.com/itm/Chicago-Bulls-Round-Chrome-Wall-Clock/201700370627,Chicago Bulls Round Chrome Wall Clock,No rating available,51.98,51.98,http://i.ebayimg.com/images/g/WwQAAOSwHsRYEKbb/s-l300.jpg,Chicago Bulls
http://www.ebay.com/itm/Chicago-Bulls-Men-Socks-size-10-13-Brand-New-/182321404984,Chicago Bulls Men Socks size 10-13 Brand New,No rating available,9.95,9.95,http://i.ebayimg.com/images/g/8i8AAOSw-CpYAjbY/s-l300.jpg,Chicago Bulls
http://www.ebay.com/itm/NBA-NWT-KEYCHAIN-LANYARD-GOLDEN-STATE-WARRIORS-/152130973250,NBA NWT KEYCHAIN LANYARD- GOLDEN STATE WARRIORS,5.0 out of 5 stars,7.95,7.95,http://i.ebayimg.com/images/g/LAsAAOSw-4BXYc2V/s-l300.jpg,Golden State Warriors
http://www.ebay.com/itm/Golden-State-Warriors-New-Era-NBA-HWC-9FIFTY-Mens-Adjustable-Snapback-Cap-Hat-/281902742684,Golden State Warriors New Era NBA HWC 9FIFTY Men&apos;s Adjustable Snapback Cap Hat,5.0 out of 5 stars,14.95,14.95,http://i.ebayimg.com/images/g/iRIAAOSwaA5WjXFx/s-l300.jpg,Golden State Warriors
http://www.ebay.com/itm/Golden-State-Warriors-Jewelry-Bracelet-NBA-Basketball-Charm-NEW/282239750738,Golden State Warriors Jewelry Bracelet NBA Basketball Charm NEW,5.0 out of 5 stars,8.95,8.95,http://i.ebayimg.com/images/g/QvAAAOSwxB9YF2h~/s-l300.jpg,Golden State Warriors
http://www.ebay.com/itm/Golden-State-Warriors-8-x-32-Heritage-Banner-Flag-Golden-State-Winning-Streak-/161918078810,"Golden State Warriors 8"" x 32"" Heritage Banner Flag Golden State Winning Streak",5.0 out of 5 stars,22.73,22.73,http://i.ebayimg.com/images/g/k7YAAOSwHQ9Wbvdd/s-l300.jpg,Golden State Warriors
http://www.ebay.com/itm/San-Antonio-Spurs-2005-NBA-Finals-Champions-Team-Celebration-Photo-Select-Size/391511094042,San Antonio Spurs 2005 NBA Finals Champions Team Celebration Photo (Select Size),No rating available,13.99,13.99,http://i.ebayimg.com/images/g/02IAAOSwd4tTs2qS/s-l300.jpg,San Antonio Spurs
http://www.ebay.com/itm/NBA-San-Antonio-Spurs-Car-Flag-/361801738606,NBA San Antonio Spurs  Car Flag,No rating available,12.59,12.59,http://i.ebayimg.com/images/g/TjIAAOSwx2dYFa8Z/s-l300.jpg,San Antonio Spurs
http://www.ebay.com/itm/NBA-NWT-HEAD-REST-COVERS-SET-OF-2-SAN-ANTONIO-SPURS-/151452391379,NBA NWT HEAD REST COVERS -SET OF 2- SAN ANTONIO SPURS,No rating available,16.95,16.95,http://i.ebayimg.com/images/g/p2gAAOSwQJ5USriH/s-l300.jpg,San Antonio Spurs
http://www.ebay.com/itm/San-Antonio-Spurs-TEE-SHIRT-CLIMALITE-100-POLYESTER-SIZE-S-M-L-XL-2XL-NWT-NEW-/261873337263,San Antonio Spurs TEE SHIRT CLIMALITE 100% POLYESTER SIZE S M L XL 2XL NWT NEW,No rating available,15.45,15.45,http://i.ebayimg.com/images/g/Z0kAAOSwstxVRBcv/s-l300.jpg,San Antonio Spurs
http://www.ebay.com/itm/San-Antonio-Spurs-New-Era-NBA-HWC-Tri-All-Print-9FIFTY-Snapback-Cap-Hat-/221993185161,San Antonio Spurs New Era NBA HWC Tri-All Print 9FIFTY Snapback Cap Hat,5.0 out of 5 stars,17.95,17.95,http://i.ebayimg.com/images/g/suAAAOSwoydWlTPf/s-l300.jpg,San Antonio Spurs
http://www.ebay.com/itm/Throwback-Swingman-Basketball-Jersey-MICHAEL-JORDAN-23-Chicago-Bulls-Red-Youth-/281884780709,Throwback Swingman Basketball Jersey MICHAEL JORDAN 23 Chicago Bulls Red Youth,5.0 out of 5 stars,39.59,39.59,http://i.ebayimg.com/images/g/-f0AAOSwHQ9WYChs/s-l300.jpg,Michael Jordan
http://www.ebay.com/itm/1986-MICHAEL-JORDAN-Fleer-ROOKIE-Card-Special-Edition-Gem-Mint-10-RARE/231947890893,1986 MICHAEL JORDAN Fleer ROOKIE Card (Special Edition) - Gem-Mint 10 *RARE*,5.0 out of 5 stars,7.95,7.95,http://i.ebayimg.com/images/g/W7AAAOSwstxU~c74/s-l300.jpg,Michael Jordan
http://www.ebay.com/itm/Michael-Jordan-Famous-Foul-Line-Dunk-Vintage-Sports-Poster-Print-23x34-inch/201209046190,Michael Jordan Famous Foul Line Dunk Vintage Sports Poster Print 23x34 inch,5.0 out of 5 stars,10.95,10.95,http://i.ebayimg.com/images/g/E1wAAOSwKtVWxq7O/s-l300.jpg,Michael Jordan
http://www.ebay.com/itm/24x36-Michael-Jordan-Wings-Collage-Vintage-Sports-Poster-Print-By-Generic-/262714102705,(24x36) Michael Jordan Wings Collage Vintage Sports Poster Print By Generic,No rating available,34.99,34.99,http://i.ebayimg.com/images/g/ebsAAOSwcLxYJSIb/s-l300.jpg,Michael Jordan
http://www.ebay.com/itm/1999-Upper-Deck-Century-Legends-Basketball-83-Michael-Jordan-Chicago-Bulls/371247107820,1999 Upper Deck Century Legends Basketball #83 Michael Jordan Chicago Bulls,No rating available,3,3,http://i.ebayimg.com/images/g/1rkAAOSwLF1X6NRK/s-l300.jpg,Michael Jordan
http://www.ebay.com/itm/Stephen-Curry-30-NBA-Golden-State-Warriors-Drawstring-Backpack-Gym-bag-/182099666652,Stephen Curry #30 NBA Golden State Warriors Drawstring Backpack/Gym bag,5.0 out of 5 stars,12.75,12.75,http://i.ebayimg.com/images/g/EIwAAOSwal5YHNF0/s-l300.jpg,Stephen Curry
http://www.ebay.com/itm/Basketball-Bracelet-STEPHEN-CURRY-Wristband-Strap-adjustable-Baller-Band-Ring/152161159569,Basketball Bracelet STEPHEN CURRY Wristband Strap adjustable Baller Band Ring,5.0 out of 5 stars,13.98,13.98,http://i.ebayimg.com/images/g/3B0AAOSwXeJXc4Dr/s-l300.jpg,Stephen Curry
http://www.ebay.com/itm/STEPHEN-CURRY-2009-10-PANINI-PRESTIGE-ROOKIE-RC-207-GOLDEN-STATE-WARRIORS-/332025780726,STEPHEN CURRY 2009-10 PANINI PRESTIGE ROOKIE RC #207 GOLDEN STATE WARRIORS,5.0 out of 5 stars,16.73,16.73,http://i.ebayimg.com/images/g/LoIAAOSwKOJYIRtF/s-l300.jpg,Stephen Curry
http://www.ebay.com/itm/Golden-State-Warriors-Stephen-Curry-2015-Poster-Print-22x34-NBA-Steph-/111969132437,Golden State Warriors - Stephen Curry 2015 Poster Print 22x34 NBA Steph,5.0 out of 5 stars,8.99,8.99,http://i.ebayimg.com/images/g/OlwAAOSw2GlXD1Hm/s-l300.jpg,Stephen Curry
http://www.ebay.com/itm/New-Golden-State-Warriors-Jersey-T-Shirt-MVP-Stephen-Curry-or-Klay-Thompson-2016-/122015917563,New Golden State Warriors Jersey T-Shirt MVP Stephen Curry or Klay Thompson 2016,5.0 out of 5 stars,11.99,11.99,http://i.ebayimg.com/images/g/yicAAOSwzJ5XYI7g/s-l300.jpg,Stephen Curry
http://www.ebay.com/itm/2016-PANINI-NATIONAL-KOBE-BRYANT-LEGEND-THICK-ANGULAR-FOIL-95-99-LAKERS-/302135869853,2016 PANINI NATIONAL KOBE BRYANT LEGEND THICK ANGULAR FOIL 95/99 LAKERS,5.0 out of 5 stars,4.99,4.99,http://i.ebayimg.com/images/g/iLsAAOSwaB5XrSWE/s-l300.jpg,Kobe Bryant
http://www.ebay.com/itm/Kobe-Bryant-Los-Angeles-Lakers-8-Retro-Throwback-Basketball-Jersey-/162072254636,Kobe Bryant Los Angeles Lakers #8 Retro Throwback Basketball Jersey,5.0 out of 5 stars,19.99,19.99,http://i.ebayimg.com/images/g/wVEAAOSw3mpXM6jH/s-l300.jpg,Kobe Bryant
http://www.ebay.com/itm/Kobe-Bryant-Los-Angeles-Lakers-1998-Starting-Lineup-Kenner-Statue-Figure-Card-/281994100219,Kobe Bryant Los Angeles Lakers 1998 Starting Lineup Kenner Statue Figure & Card!,No rating available,7.95,7.95,http://i.ebayimg.com/images/g/JT8AAOSw5VZXBGRu/s-l300.jpg,Kobe Bryant
http://www.ebay.com/itm/Kobe-Bryant-Basketball-Star-Fabric-poster-32-x-13-Decor-168-/251580235372,"Kobe Bryant Basketball Star Fabric poster 32"" x 13"" Decor 168",No rating available,7.99,7.99,http://i.ebayimg.com/images/g/tWgAAOSw9NxTuLvw/s-l300.jpg,Kobe Bryant
http://www.ebay.com/itm/Kobe-Bryant-Set-Los-Angeles-Lakers-Basketball-NBA-13x19-Art-POSTER-/282252699615,Kobe Bryant Set Los Angeles Lakers Basketball NBA 13x19 Art POSTER,No rating available,5.3,5.3,http://i.ebayimg.com/images/g/MKoAAOSwbqpT3ovr/s-l300.jpg,Kobe Bryant
http://www.ebay.com/itm/2012-13-Panini-Signatures-Stars-296-Joakim-Noah-Chicago-Bulls-Basketball-Card-/232140965046,2012-13 Panini Signatures Stars #296 Joakim Noah Chicago Bulls Basketball Card,No rating available,19,19,http://i.ebayimg.com/images/g/ng0AAOSwB09YJj6U/s-l300.jpg,Joakim Noah
http://www.ebay.com/itm/Joakim-Noah-25-Prime-Triple-3-Color-Patch-2012-13-National-Treasures-Jersey-/332020582635,Joakim Noah /25 Prime Triple 3 Color Patch 2012-13 National Treasures Jersey,No rating available,22.5,22.5,http://i.ebayimg.com/images/g/FOcAAOSwLF1X8eYY/s-l300.jpg,Joakim Noah
http://www.ebay.com/itm/NBA-CHICAGO-BULLS-Joakim-Noah-Jersey-13-Red-NBA-Adidas-/182347207105,NBA CHICAGO BULLS Joakim Noah Jersey # 13 Red NBA Adidas,No rating available,10.95,10.95,http://i.ebayimg.com/images/g/a-8AAOSwjXRXZWI3/s-l300.jpg,Joakim Noah
http://www.ebay.com/itm/2007-08-topps-chrome-refractors-146-JOAKIM-NOAH-bulls-rookie-BGS-BCCG-10-/380942673964,2007-08 topps chrome refractors #146 JOAKIM NOAH bulls rookie BGS BCCG 10,No rating available,15,15,http://i.ebayimg.com/images/g/wpsAAOSwPe1UBhmh/s-l300.jpg,Joakim Noah
http://www.ebay.com/itm/2012-13-Chicago-Bulls-Program-Joakim-Noah-Cover-Luol-Deng-Poster-Inside-NM-/400564435956,2012-13 Chicago Bulls Program Joakim Noah Cover Luol Deng Poster Inside NM,No rating available,15.95,15.95,http://i.ebayimg.com/images/g/~Z8AAOxyXp5SSgAO/s-l300.jpg,Joakim Noah
http://www.ebay.com/itm/Lot-5-1997-Topps-Tim-Duncan-Rookie-Rc-card-115-San-Antonio-Spurs-/322321660098,Lot (5) 1997 Topps Tim Duncan Rookie Rc card # 115 San Antonio Spurs,5.0 out of 5 stars,10,10,http://i.ebayimg.com/images/g/UDYAAOSw4GVYG7ki/s-l300.jpg,Tim Duncan
http://www.ebay.com/itm/Tim-Duncan-San-Antonio-Spurs-adidas-Fashion-Swingman-Jersey-L-Brand-New-/332023707258,Tim Duncan San Antonio Spurs adidas Fashion Swingman Jersey L Brand New,5.0 out of 5 stars,49.99,49.99,http://i.ebayimg.com/images/g/wI8AAOSwHMJYHhED/s-l300.jpg,Tim Duncan
http://www.ebay.com/itm/Tim-Duncan-San-Antonio-Spurs-Basketball-Star-Framed-Canvas-/282250653649,Tim Duncan San Antonio Spurs Basketball Star Framed Canvas,5.0 out of 5 stars,19.95,19.95,http://i.ebayimg.com/images/g/-fYAAOSwXeJYI7~V/s-l300.jpg,Tim Duncan
http://www.ebay.com/itm/Tim-Duncan-San-Antonio-Spurs-Basketball-Sport-Giant-Wall-Print-POSTER-/262703764007,Tim Duncan San Antonio Spurs Basketball Sport Giant Wall Print POSTER,5.0 out of 5 stars,7.95,7.95,http://i.ebayimg.com/images/g/IfAAAOSwB09YG66e/s-l300.jpg,Tim Duncan
http://www.ebay.com/itm/SAN-Antonio-spurs-t-shirt-2t-Tim-Duncan-21-/272441363306,SAN Antonio spurs t shirt 2t Tim Duncan 21,5.0 out of 5 stars,7.5,7.5,http://i.ebayimg.com/images/g/j8cAAOSwx2dYII2p/s-l300.jpg,Tim Duncan
http://www.ebay.com/itm/Majestic-New-England-Patriots-Red-Critical-Victory-Pullover-Hoodie/191881511630,Majestic New England Patriots Red Critical Victory Pullover Hoodie,5.0 out of 5 stars,54.99,54.99,http://i.ebayimg.com/images/g/LPcAAOSwepZXRkJk/s-l300.jpg,New England Patriots
http://www.ebay.com/itm/2014-NFL-Super-Bowl-49-XLIX-Champions-New-England-Patriots-Large-Premium-Pennant-/371249211626,2014 NFL Super Bowl 49 XLIX Champions New England Patriots Large Premium Pennant,No rating available,6.95,6.95,http://i.ebayimg.com/images/g/TtAAAOSwKtlWmVVO/s-l300.jpg,New England Patriots
http://www.ebay.com/itm/New-England-Patriots-XLIX-2015-NFL-Super-Bowl-Champions-2oz-Shot-Glass-/221751444032,New England Patriots XLIX 2015 NFL Super Bowl Champions 2oz Shot Glass,5.0 out of 5 stars,6.95,6.95,http://i.ebayimg.com/images/g/PwEAAOSwEeFVNsWc/s-l300.jpg,New England Patriots
http://www.ebay.com/itm/50-x-60-New-England-Patriots-Marquee-Fleece-Throw-Blankets-FREE-SHIPPING/351897887847,"50"" x 60"" New England Patriots Marquee Fleece Throw Blankets FREE SHIPPING",5.0 out of 5 stars,10.95,10.95,http://i.ebayimg.com/images/g/aXQAAOSw44BYHfoV/s-l300.jpg,New England Patriots
http://www.ebay.com/itm/New-England-Patriots-Official-NFL-Glove-Flip-Top-by-Forever-Collectibles-489290-/311739192458,New England Patriots Official NFL Glove Flip Top by Forever Collectibles 489290,5.0 out of 5 stars,15.99,15.99,http://i.ebayimg.com/images/g/fqMAAOSwcLxYJkqt/s-l300.jpg,New England Patriots
http://www.ebay.com/itm/NFL-Seattle-Seahawks-New-Era-59FIFTY-Superbowl-XLVIII-Cap-7-1-2-Low-Crown-/252632108377,NFL Seattle Seahawks New Era 59FIFTY Superbowl XLVIII Cap 7 1/2 Low Crown,No rating available,15.99,15.99,http://i.ebayimg.com/images/g/NSwAAOSw5cNYJkB2/s-l300.jpg,Seattle Seahawks
http://www.ebay.com/itm/Seattle-Seahawks-Grid-Iron-fleece-blanket-throw-NEW-/371217809059,Seattle Seahawks  Grid Iron  fleece blanket  throw NEW,5.0 out of 5 stars,9.99,9.99,http://i.ebayimg.com/images/g/rJAAAOSwbdpWVx6h/s-l300.jpg,Seattle Seahawks
http://www.ebay.com/itm/Seattle-Seahawks-Authentic-3x5-Indoor-Outdoor-Flag-Banner-NFL-Hologram-/131573754804,Seattle Seahawks Authentic 3x5 Indoor/Outdoor Flag Banner NFL Hologram,5.0 out of 5 stars,19.95,19.95,http://i.ebayimg.com/images/g/AZ8AAOSwqu9U-SlY/s-l300.jpg,Seattle Seahawks
http://www.ebay.com/itm/NFL-NIB-3x5-TEAM-FLAG-CAROLINA-PANTHERS-HELMET-/152286218848,NFL NIB 3&apos;x5&apos; TEAM  FLAG - CAROLINA PANTHERS - HELMET,No rating available,19.7,19.7,http://i.ebayimg.com/images/g/0qwAAOSwPCVYBr4q/s-l300.jpg,Carolina Panthers
http://www.ebay.com/itm/CAROLINA-PANTHERS-FOOTBALL-JERSEY-HOODIE-SWEATSHIRT-/131699778111,CAROLINA PANTHERS FOOTBALL JERSEY  HOODIE SWEATSHIRT,No rating available,29.95,29.95,http://i.ebayimg.com/images/g/vYEAAOSwX~dWrmTf/s-l300.jpg,Carolina Panthers
http://www.ebay.com/itm/NFL-Carolina-Panthers-Car-Truck-Plastic-License-Plate-Frame-New-/172406006609,"NFL Carolina Panthers, Car - Truck Plastic License Plate Frame, New",No rating available,4.99,4.99,http://i.ebayimg.com/images/g/RN8AAOSwal5YJkuf/s-l300.jpg,Carolina Panthers
http://www.ebay.com/itm/Carolina-Panthers-High-End-Diagonal-Zipper-Drawstring-Bag-NEW-Backpack-sack-/201621514859,Carolina Panthers High End Diagonal Zipper Drawstring Bag NEW Backpack sack,5.0 out of 5 stars,14.95,14.95,http://i.ebayimg.com/images/g/6PYAAOSw0kNXg~lC/s-l300.jpg,Carolina Panthers
http://www.ebay.com/itm/Carolina-Panthers-Official-NFL-Backpack-Core-Bag-by-Forever-Collectibles-054967-/162160040743,Carolina Panthers Official NFL Backpack Core Bag by Forever Collectibles 054967,No rating available,22.77,22.77,http://i.ebayimg.com/images/g/QSMAAOSwtnpXpQ3E/s-l300.jpg,Carolina Panthers
http://www.ebay.com/itm/NFL-Dallas-Cowboys-Breakaway-Lanyard-Blue-Color-/171938544491,NFL Dallas Cowboys Breakaway Lanyard (Blue Color),5.0 out of 5 stars,6.98,6.98,http://i.ebayimg.com/images/g/LO4AAOSwnTJW~zjI/s-l300.jpg,Dallas Cowboys
http://www.ebay.com/itm/Dallas-Cowboys-46-x-60-Living-Large-Micro-Raschel-Throw-Blanket-/262715056454,"Dallas Cowboys 46"" x 60"" Living Large Micro Raschel Throw Blanket",No rating available,29.99,29.99,http://i.ebayimg.com/images/g/wjEAAOSw5cNYJiN1/s-l300.jpg,Dallas Cowboys
http://www.ebay.com/itm/Dallas-Cowboys-Official-NFL-2-Oval-Key-Chain-Cowboys-Rico-Industries-/311699916797,"Dallas Cowboys Official NFL 2"" Oval Key Chain Cowboys Rico Industries",No rating available,6.99,6.99,http://i.ebayimg.com/images/g/tboAAOSwAuZX3Gej/s-l300.jpg,Dallas Cowboys
http://www.ebay.com/itm/Vintage-NFL-90s-Dallas-Cowboys-1992-Super-Bowl-jersey-ringer-style-T-SHIRT-L-/152314767915,Vintage NFL 90&apos;s Dallas Cowboys 1992 Super Bowl jersey ringer style T SHIRT L,No rating available,24.99,24.99,http://i.ebayimg.com/images/g/pBsAAOSwqrtWmq5P/s-l300.jpg,Dallas Cowboys
http://www.ebay.com/itm/Dallas-Cowboys-Blue-Hat-Cap-Script-Visor-Embroidered-Signature-Double-Star-Logo-/322088933904,Dallas Cowboys Blue Hat Cap Script Visor Embroidered Signature Double Star Logo,No rating available,9.99,9.99,http://i.ebayimg.com/images/g/oSgAAOSwt6ZWV9Z~/s-l300.jpg,Dallas Cowboys
http://www.ebay.com/itm/New-Era-Denver-Broncos-Orange-39THIRTY-Team-Classic-Flex-Hat/311616624164,New Era Denver Broncos Orange 39THIRTY Team Classic Flex Hat,No rating available,26.99,26.99,http://i.ebayimg.com/images/g/yhYAAOSwPCVX7bDx/s-l300.jpg,Denver Broncos
http://www.ebay.com/itm/Denver-Broncos-Authentic-3x5-Indoor-Outdoor-Flag-Banner-NFL-Hologram-/201703063085,Denver Broncos Authentic 3x5 Indoor/Outdoor Flag Banner NFL Hologram,5.0 out of 5 stars,21.99,21.99,http://i.ebayimg.com/images/g/bqAAAOSwoydWpjo1/s-l300.jpg,Denver Broncos
http://www.ebay.com/itm/Denver-Broncos-Insulated-Travel-Tumbler-Mug-16-oz-/182351074379,Denver Broncos Insulated Travel Tumbler Mug 16 oz,No rating available,19.86,19.86,http://i.ebayimg.com/images/g/Iu0AAOSwal5YJjqI/s-l300.jpg,Denver Broncos
http://www.ebay.com/itm/Denver-Broncos-Aggressive-Moves-Synthetic-Full-Zip-Jacket-L-/361826201300,Denver Broncos Aggressive Moves Synthetic Full Zip Jacket L,No rating available,45,45,http://i.ebayimg.com/images/g/HDEAAOSwImRYJg8h/s-l300.jpg,Denver Broncos
http://www.ebay.com/itm/Denver-Broncos-Super-Bowl-50-32-Embroidered-Wool-Heritage-Banner-NFL-Hologram-/162260125621,"Denver Broncos Super Bowl 50 32"" Embroidered Wool Heritage Banner NFL Hologram",4.0 out of 5 stars,22.95,22.95,http://i.ebayimg.com/images/g/9j4AAOSwwpdW11kR/s-l300.jpg,Denver Broncos
http://www.ebay.com/itm/2014-Panini-Absolute-20th-Anniversary-Quad-TOM-BRADY-ROB-GRONKOWSKI-Patriots-/361826491834,"2014 Panini Absolute 20th Anniversary Quad TOM BRADY, ROB GRONKOWSKI Patriots ++",4.0 out of 5 stars,5.99,5.99,http://i.ebayimg.com/images/g/HAgAAOSwdvpWDQsI/s-l300.jpg,Tom Brady
http://www.ebay.com/itm/TOM-BRADY-minimalism-art-print-poster-NEW-ENGLAND-PATRIOTS-FREE-S-H-/182347707215,TOM BRADY minimalism art print/poster NEW ENGLAND PATRIOTS FREE S&H,4.0 out of 5 stars,10.99,10.99,http://i.ebayimg.com/images/g/QhcAAOSwhRxXKUbN/s-l300.jpg,Tom Brady
http://www.ebay.com/itm/TOM-BRADY-NEW-ENGLAND-PATRIOTS-11x17-Plastic-Sign-DURABLE-POSTER-FREE-SHIPPING-/262072698725,TOM BRADY NEW ENGLAND PATRIOTS 11x17 Plastic Sign DURABLE POSTER FREE SHIPPING!,4.0 out of 5 stars,14.99,14.99,http://i.ebayimg.com/images/g/nl0AAOSwVL1WDC6a/s-l300.jpg,Tom Brady
http://www.ebay.com/itm/Nfl-New-England-Patriots-Tom-Brady-Fathead-Wall-Decal-Junior-/222292894360,"Nfl New England Patriots Tom Brady Fathead Wall Decal, Junior",No rating available,47.08,47.08,http://i.ebayimg.com/images/g/9kIAAOSwo4pYDxqC/s-l300.jpg,Tom Brady
http://www.ebay.com/itm/Cam-Newton-2011-Playoff-Contenders-Rookie-Roll-Call-3-/122222543522,Cam Newton - 2011 Playoff Contenders Rookie Roll Call #3,No rating available,3.95,3.95,http://i.ebayimg.com/images/g/Qj0AAOSwPCVX89JR/s-l300.jpg,Cam Newton
http://www.ebay.com/itm/CAM-NEWTON-CAROLINA-PANTHERS-POSTER-22x34-NFL-FOOTBALL-14976-/122143864354,CAM NEWTON - CAROLINA PANTHERS POSTER - 22x34 NFL FOOTBALL 14976,5.0 out of 5 stars,8.5,8.5,http://i.ebayimg.com/images/g/LtoAAOSwNRdX4YPT/s-l300.jpg,Cam Newton
http://www.ebay.com/itm/RUSSELL-WILSON-Motion-Blast-Seattle-Seahawks-LICENSED-poster-print-8x10-photo-/381839572123,"RUSSELL WILSON ""Motion Blast"" Seattle Seahawks LICENSED poster print 8x10 photo",5.0 out of 5 stars,6.99,6.99,http://i.ebayimg.com/images/g/q~8AAOSwg3FUdjsL/s-l300.jpg,Russell Wilson
http://www.ebay.com/itm/Russell-Wilson-2014-Contenders-MVP-9-Seattle-Seahawks-/201713332046,Russell Wilson 2014 Contenders MVP #9 Seattle Seahawks,No rating available,3.99,3.99,http://i.ebayimg.com/images/g/GSIAAOSwCGVX-AdY/s-l300.jpg,Russell Wilson
http://www.ebay.com/itm/Russell-Wilson-3-Seattle-Seahawks-Jersey-Back-Pack-Sack-Drawstring-gym-Bag-/400983785951,Russell Wilson #3 Seattle Seahawks Jersey Back Pack/Sack Drawstring gym Bag,No rating available,13.95,13.95,http://i.ebayimg.com/images/g/UHwAAOSwgQ9V2j3n/s-l300.jpg,Russell Wilson
http://www.ebay.com/itm/Dak-Prescott-5-Rookie-Card-LOT-2016-Score-Contenders-Prestige-/132000629600,Dak Prescott - 5 Rookie Card LOT - 2016 Score Contenders Prestige,No rating available,14.99,14.99,http://i.ebayimg.com/images/g/ABsAAOSwXyVYJkSl/s-l300.jpg,Dak Prescott
http://www.ebay.com/itm/NFL-Dallas-Cowboys-Dak-Prescott-Dak-4-24x18-Football-Poster-Team-Spirit-Store-/122200734123,NFL Dallas Cowboys Dak Prescott Dak 4 24x18 Football Poster Team Spirit Store,No rating available,9.95,9.95,http://i.ebayimg.com/images/g/yEIAAOSw5cNYEmLH/s-l300.jpg,Dak Prescott
http://www.ebay.com/itm/2016-Panini-Prizm-Prizms-Orange-231-Dak-Prescott-299-NM-MT-/232140952080,2016 Panini Prizm Prizms Orange #231 Dak Prescott /299 - NM-MT,No rating available,46,46,http://i.ebayimg.com/images/g/q9IAAOSw4GVYJlWM/s-l300.jpg,Dak Prescott
http://www.ebay.com/itm/BUD-LIGHT-NFL-DALLAS-COWBOYS-EMPTY-CAN-DAK-PRESCOTT-ROOKIE-CARD-WOOD-DISPLAY-/252623530169,BUD LIGHT NFL DALLAS COWBOYS EMPTY CAN & DAK PRESCOTT ROOKIE CARD WOOD DISPLAY,No rating available,45,45,http://i.ebayimg.com/images/g/6Z0AAOSwx2dYHx9x/s-l300.jpg,Dak Prescott
http://www.ebay.com/itm/Football-Card-Lot-Tom-Brady-Peyton-Manning-/122217385755,Football Card Lot - Tom Brady &amp; Peyton Manning,No rating available,3.95,3.95,http://i.ebayimg.com/images/g/47cAAOSw-CpX-~wT/s-l300.jpg,Peyton Manning
http://www.ebay.com/itm/Cert-AU-F-0793-2000-Topps-100-Peyton-Manning-Authentic-Autograph/391223022641,Cert. AU-F 0793 - 2000  Topps  # 100 - Peyton Manning -  Authentic Autograph,No rating available,59.95,59.95,http://i.ebayimg.com/images/g/8SMAAOSwjVVVygSa/s-l300.jpg,Peyton Manning
http://www.ebay.com/itm/Reebok-NFL-Indianapolis-Colts-Peyton-Manning-Youth-Football-Jersey-NWT-XL-/280776412775,Reebok NFL Indianapolis Colts Peyton Manning Youth Football Jersey NWT XL,5.0 out of 5 stars,12.99,12.99,http://i.ebayimg.com/images/a/(KGrHqUOKpYE6cBIFpYZBOyYqSrgsQ~~/s-l300.jpg,Peyton Manning
http://www.ebay.com/itm/DENVER-BRONCOS-T-SHIRT-Peyton-Manning-Jersey-Tee-NFL-S-3XL-/322223026027,DENVER BRONCOS T-SHIRT Peyton Manning Jersey Tee NFL S-3XL,5.0 out of 5 stars,14.95,14.95,http://i.ebayimg.com/images/g/H3QAAOSwxg5Xxliu/s-l300.jpg,Peyton Manning
http://www.ebay.com/itm/PEYTON-MANNING-jersey-art-print-poster-DENVER-BRONCOS-FREE-S-H-/401222592400,PEYTON MANNING jersey art print/poster DENVER BRONCOS FREE S&H,5.0 out of 5 stars,10.99,10.99,http://i.ebayimg.com/images/g/sukAAOSwARZXnmrq/s-l300.jpg,Peyton Manning
http://www.ebay.com/itm/England-Football-EPL-Wallet-Manchester-United-MUFC-NEW-/222310744592,England Football EPL Wallet Manchester United MUFC NEW,5.0 out of 5 stars,12.99,12.99,http://i.ebayimg.com/images/a/(KGrHqEOKiME3!VnwShvBN7BmvmrdQ~~/s-l300.jpg,Manchester United
http://www.ebay.com/itm/Official-Licensed-Football-Product-Manchester-United-Mug-Captain-Cup-Coffee-Gift-/201714842465,Official Licensed Football Product Manchester United Mug Captain Cup Coffee Gift,5.0 out of 5 stars,8.25,8.25,http://i.ebayimg.com/images/g/FhoAAOSw4GVYJLy4/s-l300.jpg,Manchester United
http://www.ebay.com/itm/Manchester-united-Gym-Sack-Bag-Drawstring-Backpack-Cinch-Bag-Authentic-Official-/221867419839,Manchester united Gym Sack Bag Drawstring Backpack Cinch Bag Authentic Official,5.0 out of 5 stars,9.99,9.99,http://i.ebayimg.com/images/g/1REAAOSw3xJVY9im/s-l300.jpg,Manchester United
http://www.ebay.com/itm/Authentic-Nike-Blue-Manchester-United-Jersey-Mens-Xl/272415336040,Authentic Nike Blue Manchester United Jersey Men&apos;s Xl,5.0 out of 5 stars,21.56,21.56,http://i.ebayimg.com/images/g/zzAAAOSwCGVYAweD/s-l300.jpg,Manchester United
http://www.ebay.com/itm/Manchester-United-Soccer-2-5-x-2-tall-Key-Chain-Man-U-Wincraft-579409/162015343681,"Manchester United Soccer 2.5"" x 2"" tall Key Chain Man U Wincraft 579409",No rating available,8.47,8.47,http://i.ebayimg.com/images/g/9UEAAOSws4JW8avb/s-l300.jpg,Manchester United
http://www.ebay.com/itm/OFFICIAL-ARSENAL-FC-GUNNER-CAP-HAT-BLACK-ADJUSTABLE-/252383414465,OFFICIAL ARSENAL FC GUNNER CAP HAT BLACK ADJUSTABLE,No rating available,10.65,10.65,http://i.ebayimg.com/images/g/81gAAOSw-KFXce4E/s-l300.jpg,FC Barcelona
http://www.ebay.com/itm/ARSENAL-SIGNED-PHOTO-POSTER-PRINT-SQUAD-2016-2017-TEAM-SANCHEZ-OZIL-WALCOTT-/272440687650,ARSENAL SIGNED PHOTO POSTER PRINT SQUAD 2016 2017 TEAM SANCHEZ OZIL WALCOTT,No rating available,5.97,5.97,http://i.ebayimg.com/images/g/d5EAAOSwal5YH6z9/s-l300.jpg,FC Barcelona
http://www.ebay.com/itm/Puma-Arsenal-Fan-Hoodie-Adult-Medium-Hoody-Sweater-Sweatshirt-M-/122221174020,Puma Arsenal Fan Hoodie Adult Medium Hoody Sweater Sweatshirt M,No rating available,44.99,44.99,http://i.ebayimg.com/images/g/UCYAAOSwfZ1Wa8CF/s-l300.jpg,FC Barcelona
http://www.ebay.com/itm/Puma-Arsenal-FC-Shield-Backpack-/191957902557,Puma Arsenal FC Shield Backpack,No rating available,39.99,39.99,http://i.ebayimg.com/images/g/FBcAAOSwFdtXxZ7d/s-l300.jpg,FC Barcelona
http://www.ebay.com/itm/Arsenal-FC-Face-Cloth-Golf-Towel-Officially-Licensed-Product-/201460351616,Arsenal FC Face Cloth / Golf Towel Officially Licensed Product,No rating available,4.99,4.99,http://i.ebayimg.com/images/g/G-kAAOSw~bFWN7c-/s-l300.jpg,FC Barcelona
http://www.ebay.com/itm/FC-BARCELONA-OFFICIAL-FOOTBALL-SOCCER-CLUB-TEAM-TEA-TUB-MUG-CUP-COFFEE-CERAMIC/252169408751,FC BARCELONA OFFICIAL FOOTBALL SOCCER CLUB TEAM TEA TUB MUG CUP COFFEE CERAMIC,No rating available,21.59,21.59,http://i.ebayimg.com/images/g/DC0AAOSwcdBWRbbP/s-l300.jpg,Arsenal FC
http://www.ebay.com/itm/FC-BARCELONA-FOOTBALL-SOCCER-CLUB-TEAM-FC-DUVET-SET-BED-COVER-BEDDING-PILLOW-NEW/262147929986,FC BARCELONA FOOTBALL SOCCER CLUB TEAM FC DUVET SET BED COVER BEDDING PILLOW NEW,No rating available,41.59,41.59,http://i.ebayimg.com/images/g/aJ0AAOSwZVlXmvYl/s-l300.jpg,Arsenal FC
http://www.ebay.com/itm/FC-BARCELONA-SOCCER-HAT-CAP-FCB-OFFICIAL-ADJUSTABLE-licensed-product-/321680045102,FC BARCELONA SOCCER HAT CAP FCB OFFICIAL ADJUSTABLE licensed product,5.0 out of 5 stars,12.99,12.99,http://i.ebayimg.com/images/g/l4EAAOSwMN9XQ2Oj/s-l300.jpg,Arsenal FC
http://www.ebay.com/itm/FC-Barcelona-FCB-Official-Flag-3x5-Ft-Approx-Flag-football-Futbol-Club-Barcelona-/172216399021,FC Barcelona FCB Official Flag 3x5 Ft Approx Flag football Futbol Club Barcelona,5.0 out of 5 stars,18.95,18.95,http://i.ebayimg.com/images/g/L1UAAOSwLnBX4KHN/s-l300.jpg,Arsenal FC
http://www.ebay.com/itm/NEW-FC-Barcelona-Soccer-2016-Messi-Neymar-Suarez-Wallet-Leather-US-SELLER-/141187766474,NEW FC Barcelona Soccer 2016 Messi Neymar Suarez Wallet Leather US SELLER!,5.0 out of 5 stars,10.29,10.29,http://i.ebayimg.com/images/g/Cs8AAOxygPtS7XBD/s-l300.jpg,Arsenal FC
http://www.ebay.com/itm/New-Adidas-Real-Madrid-Home-2015-2016-Jersey-White-Clear-Grey-Onix-Sz-M-/302135722374,New Adidas Real Madrid Home 2015-2016 Jersey White/Clear Grey/Onix Sz M,5.0 out of 5 stars,39.99,39.99,http://i.ebayimg.com/images/g/-OUAAOSwJQdXBoJm/s-l300.jpg,Real Madrid C. F.
http://www.ebay.com/itm/200-150cm-Football-Club-Soccer-Fleece-Blanket-Real-Madrid-Manchester-United-/272442147436,200*150cm Football Club Soccer Fleece Blanket Real Madrid/Manchester United,5.0 out of 5 stars,18.88,18.88,http://i.ebayimg.com/images/g/ja0AAOSwHMJYIXDo/s-l300.jpg,Real Madrid C. F.
http://www.ebay.com/itm/REAL-MADRID-CAP-HAT-OFFICIAL-AUTHENTIC-NEW-DESIGN-BY-RHINOX-/321868542784,REAL MADRID CAP HAT OFFICIAL AUTHENTIC NEW DESIGN BY RHINOX,No rating available,11.99,11.99,http://i.ebayimg.com/images/g/vr4AAOSw0fhXmMbP/s-l300.jpg,Real Madrid C. F.
http://www.ebay.com/itm/Real-Madrid-football-soccer-pin-/282249156729,Real Madrid football soccer pin,No rating available,6.99,6.99,http://i.ebayimg.com/images/g/LqAAAOSw8oFX0xUa/s-l300.jpg,Real Madrid C. F.
http://www.ebay.com/itm/Black-Friday-Special-Small-Real-Madrid-Hoodie-Sweater-Jacket-/152314680789,Black Friday Special Small Real Madrid Hoodie Sweater Jacket,No rating available,27.99,27.99,http://i.ebayimg.com/images/g/wkoAAOSwXyVYJjTp/s-l300.jpg,Real Madrid C. F.
http://www.ebay.com/itm/Chelsea-Jacket-Track-Football-Club-Official-Soccer-Gift-Mens-/152233368369,Chelsea Jacket  Track  Football Club Official Soccer Gift Mens,No rating available,26.95,26.95,http://i.ebayimg.com/images/g/vDIAAOSwi0RX0Ef3/s-l300.jpg,Chelsea FC
http://www.ebay.com/itm/Chelsea-FC-Flag-Official-Adidas-Fan-Flag/272390425161,Chelsea FC Flag  (Official Adidas Fan Flag),No rating available,7,7,http://i.ebayimg.com/images/g/UioAAOSwMmBVsUbZ/s-l300.jpg,Chelsea FC
http://www.ebay.com/itm/Chelsea-Football-Club-Hat-Cap-Soccer-Two-Tone-Snapback-/282244117440,Chelsea Football Club Hat Cap Soccer Two Tone Snapback,No rating available,15,15,"http://i.ebayimg.com/images/a/T2eC16R,!zQE9s3ssN68BP8QGEUkKg~~/s-l300.jpg",Chelsea FC
http://www.ebay.com/itm/Chelsea-FC-Official-Soccer-4-x-4-Perfect-Cut-Car-Decal-by-Wincraft-259226-/311404697251,"Chelsea FC Official Soccer 4"" x 4"" Perfect Cut Car Decal by Wincraft 259226",No rating available,9.07,9.07,http://i.ebayimg.com/images/g/AI4AAOSwMmBVqUCL/s-l300.jpg,Chelsea FC
http://www.ebay.com/itm/CHELSEA-FC-adidas-ClimaCool-Home-Long-Sleeve-Jersey-XL-Blue-S11676-/332025866172,CHELSEA FC - adidas ClimaCool Home Long Sleeve Jersey (XL) Blue S11676,No rating available,39.99,39.99,http://i.ebayimg.com/images/g/dZcAAOSwV0RXvJG~/s-l300.jpg,Chelsea FC
http://www.ebay.com/itm/Wayne-Rooney-Manchester-United-2007-Season-Size-Medium-Nike-Jersey/302126195252,Wayne Rooney Manchester United 2007 Season Size Medium Nike Jersey,No rating available,25,25,http://i.ebayimg.com/images/g/TDIAAOSw8gVX8TJ3/s-l300.jpg,Wayne Rooney
http://www.ebay.com/itm/WAYNE-ROONEY-IN-CLUBHOUSE-FOOTBALL-POSTER-FC-MANCHESTER-UNITED-SOCCER-/310397950232,"WAYNE ROONEY ""IN CLUBHOUSE"" FOOTBALL POSTER -FC MANCHESTER UNITED, SOCCER",No rating available,5.49,5.49,http://i.ebayimg.com/images/a/(KGrHqNHJBcE9rIkvO3cBPiygguRCQ~~/s-l300.jpg,Wayne Rooney
http://www.ebay.com/itm/WAYNE-ROONEY-MANCHESTER-UNITED-SIGNED-AUTOGRAPHED-A4-PP-PHOTO-POSTER-/122217101656,WAYNE ROONEY - MANCHESTER UNITED SIGNED AUTOGRAPHED A4 PP PHOTO POSTER,No rating available,5.49,5.49,http://i.ebayimg.com/images/g/868AAOSwKOJYIfxU/s-l300.jpg,Wayne Rooney
http://www.ebay.com/itm/Wayne-Rooney-England-94-2016-Panini-Spectra-Soccer-Base-Die-Cut-Red-47-65/131991807005,Wayne Rooney England #94 2016 Panini Spectra Soccer Base Die-Cut Red 47/65,No rating available,29.99,29.99,http://i.ebayimg.com/images/g/SDoAAOSwXeJYGu2s/s-l300.jpg,Wayne Rooney
http://www.ebay.com/itm/FC-BARCELONA-10-LIONEL-MESSI-Nike-Away-Shirt-2011-2012-Jersey-Size-L-Black-/282252675233,FC BARCELONA #10 LIONEL MESSI Nike Away Shirt 2011/2012 Jersey Size L Black,No rating available,79.99,79.99,http://i.ebayimg.com/images/g/6sYAAOSwyDxXh8dd/s-l300.jpg,Lionel Messi
http://www.ebay.com/itm/Argentina-Home-Soccer-Jersey-Messi-Copa-America-2016-/222247723520,Argentina Home Soccer Jersey Messi Copa America 2016,5.0 out of 5 stars,54,54,http://i.ebayimg.com/images/g/87UAAOSwdIFX1k9V/s-l300.jpg,Lionel Messi
http://www.ebay.com/itm/soccerwe-Doll-10-MESSI-ARG-2016-Figure-Toys-doll-/182325827636,soccerwe Doll 10# MESSI (ARG) 2016 Figure Toys doll,No rating available,6.5,6.5,http://i.ebayimg.com/images/g/eqQAAOSw44BYDHKw/s-l300.jpg,Lionel Messi
http://www.ebay.com/itm/Lionel-Messi-FC-Barcelona-Spain-Argentina-Futbol-Men-Youth-Jersey-Shirt-/222189605362,Lionel Messi FC Barcelona Spain Argentina Futbï¿½_l Men Youth Jersey Shirt,No rating available,13.99,13.99,http://i.ebayimg.com/images/g/fI4AAOSwRgJXi7F6/s-l300.jpg,Lionel Messi
http://www.ebay.com/itm/2014-Panini-Prizm-World-Cup-Prizms-Red-White-Blue-88-Mesut-Ozil-Germany/371261667831,2014 Panini Prizm World Cup Prizms Red White Blue #88 Mesut Ozil Germany,No rating available,8,8,http://i.ebayimg.com/images/g/rnoAAOSwLnBX7PL2/s-l300.jpg,Mesut Ozil
http://www.ebay.com/itm/2010-11-Mundicromo-632-Mesut-Ozil-Top-11-Foil-card-Real-Madrid-/272441516646,2010-11 Mundicromo # 632 Mesut Ozil Top 11 Foil card Real Madrid,No rating available,2.99,2.99,http://i.ebayimg.com/images/g/-HkAAOSwal5YILQP/s-l300.jpg,Mesut Ozil
http://www.ebay.com/itm/Rare-MESUT-OZIL-Arsenal-FC-SIGNATURE-SERIES-Football-Soccer-Action-POSTER-/361577011401,Rare MESUT OZIL Arsenal FC SIGNATURE SERIES Football Soccer Action POSTER,No rating available,12.99,12.99,http://i.ebayimg.com/images/g/ziYAAOSwGjpXTbUB/s-l300.jpg,Mesut Ozil
http://www.ebay.com/itm/327-Football-Super-Stars-Mesut-Ozil-Arsenal-25-x14-Poster-/331751013000,"327 Football Super Stars - Mesut Ozil Arsenal 25""x14"" Poster",No rating available,6.99,6.99,http://i.ebayimg.com/images/g/YkcAAOSwJkJWklYO/s-l300.jpg,Mesut Ozil
http://www.ebay.com/itm/Real-Madrid-Shirt-Cristiano-Ronaldo-7-Soccer-Jersey-Shirt-CR7-T-Shirt-/152182515551,Real Madrid Shirt Cristiano Ronaldo #7 Soccer Jersey Shirt CR7 T-Shirt,No rating available,9.99,9.99,http://i.ebayimg.com/images/g/eEAAAOSwIgNXl8YC/s-l300.jpg,Cristiano Ronaldo
http://www.ebay.com/itm/2016-Panini-Prizm-EURO-Cristiano-Ronaldo-FLASH-Refractor-Portugal-97-Soccer-/172401919952,2016 Panini Prizm EURO Cristiano Ronaldo FLASH Refractor Portugal #97 Soccer,No rating available,26.99,26.99,http://i.ebayimg.com/images/g/w0IAAOSw5cNYIUm6/s-l300.jpg,Cristiano Ronaldo
http://www.ebay.com/itm/Fashion-Ronaldo-football-Hoodie-Men-7-Jacket-Sweatshirt-Jumper-Coat-New-/291933841202,Fashion Ronaldo football Hoodie Men#7 Jacket Sweatshirt Jumper Coat New,No rating available,36.89,36.89,http://i.ebayimg.com/images/g/JNAAAOSwx2dYHUEy/s-l300.jpg,Cristiano Ronaldo
http://www.ebay.com/itm/Cristiano-Ronaldo-Real-Madrid-Sports-Bag-Sport-Backback-Leisure-Bag-Bag-/152288145969,Cristiano Ronaldo Real Madrid Sports Bag Sport Backback Leisure Bag Bag,No rating available,13.06,13.06,http://i.ebayimg.com/images/g/84kAAOSwMgdX1oMj/s-l300.jpg,Cristiano Ronaldo
http://www.ebay.com/itm/Cristiano-Ronaldo-Soccer-Star-Sport-Framed-Canvas-Motivational-Quotes-/282250586375,Cristiano Ronaldo Soccer Star Sport Framed Canvas Motivational Quotes,No rating available,19.95,19.95,http://i.ebayimg.com/images/g/C~MAAOSwcUBYI6kD/s-l300.jpg,Cristiano Ronaldo
http://www.ebay.com/itm/2016-17-Brazil-Neymar-Jr-Home-Soccer-Jersey-2018-Russia-World-Cup-Qualifiers-/222256691339,2016/17 Brazil Neymar Jr Home Soccer Jersey 2018 Russia World Cup Qualifiers,No rating available,54,54,http://i.ebayimg.com/images/g/VWkAAOSwx2dYHtQX/s-l300.jpg,Neymar Jr
http://www.ebay.com/itm/Neymar-Jr-Barcelona-Brazil-Signed-Autograph-REPRINT-/112201331245,Neymar Jr. - Barcelona &amp; Brazil - Signed Autograph REPRINT,No rating available,4,4,http://i.ebayimg.com/images/g/v5sAAOSwM4xXXvbf/s-l300.jpg,Neymar Jr
http://www.ebay.com/itm/NEYMAR-ACTION-2016-BARCELONA-POSTER-24-x-36-FOOTBALL-SOCCER-FC-34118-/121940598838,NEYMAR ACTION 2016 - BARCELONA POSTER - 24 x 36 FOOTBALL SOCCER FC 34118,No rating available,8.95,8.95,http://i.ebayimg.com/images/g/~OkAAOSwZ8ZW~CQ~/s-l300.jpg,Neymar Jr
http://www.ebay.com/itm/Nike-Core-Adjustable-Hats-Neymar-CR7-Barcelona-or-USA-/311661368579,"Nike Core Adjustable Hats Neymar, CR7, Barcelona or USA",No rating available,17.6,17.6,http://i.ebayimg.com/images/g/qpMAAOSwbsBXkUiC/s-l300.jpg,Neymar Jr
http://www.ebay.com/itm/NCAA-NWT-KEYCHAIN-LANYARD-USC-TROJANS-/281473680189,NCAA NWT KEYCHAIN LANYARD- USC TROJANS,No rating available,6.95,6.95,http://i.ebayimg.com/images/g/4KEAAOSwQJ5URYMB/s-l300.jpg,USC Trojans
http://www.ebay.com/itm/USC-Trojans-Car-Flag-Boat-Garden-Sign-Banner-Football-University-CA-Vintage-/201715652273,USC Trojans Car Flag Boat Garden Sign Banner Football University CA Vintage,No rating available,14.99,14.99,http://i.ebayimg.com/images/g/ou8AAOSwGtRXybuu/s-l300.jpg,USC Trojans
http://www.ebay.com/itm/USC-Trojans-Nike-DRI-FIT-Performance-Polo-New-/262692063294,USC Trojans Nike DRI-FIT Performance Polo New,No rating available,29.99,29.99,http://i.ebayimg.com/images/g/EBEAAOSwMVdYEKn3/s-l300.jpg,USC Trojans
http://www.ebay.com/itm/USC-Trojans-Southern-Cal-Picnic-Basket-Tailgating-Tote-Bag/331986175272,USC Trojans Southern Cal Picnic Basket Tailgating Tote Bag,No rating available,56.95,56.95,http://i.ebayimg.com/images/g/2AgAAOSwCGVX7gZX/s-l300.jpg,USC Trojans
http://www.ebay.com/itm/new-IRIDESCENT-RED-SILVER-THE-OHIO-STATE-UNIVERSITY-BUCKEYES-CLIP-ON-latch-CHARM-/142177081929,new IRIDESCENT RED SILVER THE OHIO STATE UNIVERSITY BUCKEYES CLIP ON latch CHARM,No rating available,6.75,6.75,http://i.ebayimg.com/images/g/3H0AAOSwpRRWnTAt/s-l300.jpg,Ohio State Buckeyes
http://www.ebay.com/itm/NCAA-Ohio-State-Buckeyes-Big-Logo-Velcro-Lunch-Bag-Red-/381826569046,NCAA Ohio State Buckeyes Big Logo Velcro Lunch Bag Red,No rating available,12.99,12.99,http://i.ebayimg.com/images/g/TykAAOSwMVdYD2x1/s-l300.jpg,Ohio State Buckeyes
http://www.ebay.com/itm/Ohio-State-Buckeyes-NCAA-8-x-32-Man-Cave-Banner-Flag-OSU-Winning-Streak-/311516178026,"Ohio State Buckeyes NCAA 8"" x 32"" Man Cave Banner Flag OSU Winning Streak",No rating available,22.43,22.43,http://i.ebayimg.com/images/g/TT4AAOSwL7VWhrZJ/s-l300.jpg,Ohio State Buckeyes
http://www.ebay.com/itm/Ohio-State-Buckeyes-Mascot-Decorative-Logo-Cut-Area-Rug-Floor-Mat-/252578123797,Ohio State Buckeyes Mascot Decorative Logo Cut Area Rug Floor Mat,No rating available,29.99,29.99,http://i.ebayimg.com/images/g/xN0AAOSw-CpX-4Jr/s-l300.jpg,Ohio State Buckeyes
http://www.ebay.com/itm/Ohio-State-University-Buckeyes-OSU-Fleece-Throw-Blanket-Tailgate-Blanket/162233422988,Ohio State University Buckeyes OSU Fleece Throw Blanket  - Tailgate Blanket,No rating available,9.99,9.99,http://i.ebayimg.com/images/g/V80AAOSw4shX-pri/s-l300.jpg,Ohio State Buckeyes
http://www.ebay.com/itm/New-Northwest-NCAA-Alabama-Crimson-Tide-Large-Soft-Fleece-Throw-Blanket-50-X60-/302036354411,"New Northwest NCAA Alabama Crimson Tide Large Soft Fleece Throw Blanket 50""X60""",5.0 out of 5 stars,16.99,16.99,http://i.ebayimg.com/images/g/kGkAAOSwTZ1Xm7ch/s-l300.jpg,Alabama Football
http://www.ebay.com/itm/NCAA-Alabama-Crimson-Tide-Red-Breakaway-Lanyard-Keychain-NWT-Free-Ship/400816047915,NCAA Alabama Crimson Tide Red Breakaway Lanyard Keychain NWT Free Ship,5.0 out of 5 stars,6.29,6.29,http://i.ebayimg.com/images/g/fyMAAOSwkNZUehYJ/s-l300.jpg,Alabama Football
http://www.ebay.com/itm/47-Alabama-Crimson-Tide-Knit-Hat-College/351747959781,&apos;47 Alabama Crimson Tide Knit Hat - NCAA,5.0 out of 5 stars,20.79,20.79,http://i.ebayimg.com/images/g/LHwAAOSwnNBXTvrr/s-l300.jpg,Alabama Football
http://www.ebay.com/itm/Antigua-Alabama-Crimson-Tide-Mens-Icon-Polo/391618269223,Antigua Alabama Crimson Tide Men&apos;s Icon Polo,5.0 out of 5 stars,41.69,41.69,http://i.ebayimg.com/images/g/dkIAAOSwKOJYIhGr/s-l300.jpg,Alabama Football
http://www.ebay.com/itm/Alabama-Crimson-Tide-Lapel-Pin-Glossy-NCAA-Licensed-/271552666617,Alabama Crimson Tide Lapel Pin (Glossy) NCAA Licensed,5.0 out of 5 stars,7.59,7.59,http://i.ebayimg.com/images/g/1oQAAOxy0x1TStLA/s-l300.jpg,Alabama Football
http://www.ebay.com/itm/University-of-Washington-MUSH-Radio-King-Huskies-Pin-Pinback-Button-17544-/282252878967,University of Washington MUSH Radio King Huskies Pin Pinback Button #17544,5.0 out of 5 stars,16.16,16.16,http://i.ebayimg.com/images/g/EhgAAOSwoydWmHz7/s-l300.jpg,Washington Athletics
http://www.ebay.com/itm/VTG-Washington-Huskies-visor-cap-hat-UW-University-Dawgs-Purple-/201713323547,VTG Washington Huskies visor cap hat UW University Dawgs Purple,5.0 out of 5 stars,14.99,14.99,http://i.ebayimg.com/images/g/UEcAAOSw-W5U1DhG/s-l300.jpg,Washington Athletics
http://www.ebay.com/itm/Siskiyou-Washington-Huskies-Official-Key-Chain-/322321857974,Siskiyou Washington Huskies Official Key Chain,5.0 out of 5 stars,1.99,1.99,http://i.ebayimg.com/images/g/W~oAAOSwo4pYIiG-/s-l300.jpg,Washington Athletics
http://www.ebay.com/itm/Washington-Huskies-Colosseum-Mesa-Corded-Polar-Fleece-Jacket-Purple-College-/302111354210,Washington Huskies Colosseum Mesa Corded Polar Fleece Jacket - Purple - NCAA,No rating available,59.99,59.99,http://i.ebayimg.com/images/g/I3YAAOSwxKtYBnB5/s-l300.jpg,Washington Athletics
http://www.ebay.com/itm/NCAA-Washington-Huskies-flex-fit-Hat-Cap-/191989212917,"NCAA Washington Huskies  flex fit Hat, Cap",No rating available,14,14,http://i.ebayimg.com/images/g/skoAAOSwNRdX9v6Z/s-l300.jpg,Washington Athletics
http://www.ebay.com/itm/NCAA-UCLA-Bruins-University-of-California-Los-Angeles-NEW-ERA-Hat-cap-Fitted-M-L/331962457494,NCAA UCLA Bruins University of California Los Angeles NEW ERA Hat cap Fitted M/L,No rating available,24.95,24.95,http://i.ebayimg.com/images/g/QC8AAOSwknJXz00l/s-l300.jpg,UCLA Athletics
http://www.ebay.com/itm/UCLA-Bruins-2013-College-World-Series-Plastic-Frame-NCAA/371314219803,UCLA Bruins 2013 College World Series Plastic Frame - NCAA,No rating available,8.99,8.99,http://i.ebayimg.com/images/g/nOIAAOSwBLlVPNmM/s-l300.jpg,UCLA Athletics
http://www.ebay.com/itm/New-Adult-NCAA-UCLA-Bruins-Zephyr-Embroidered-Pom-Beanie-Hat-NWT-Blue-/361817370382,New Adult NCAA UCLA Bruins Zephyr Embroidered Pom Beanie Hat NWT Blue,No rating available,11.95,11.95,http://i.ebayimg.com/images/g/CzUAAOSwL7VWrDql/s-l300.jpg,UCLA Athletics
http://www.ebay.com/itm/NEW-Limited-Edition-UCLA-Bruins-Playing-Cards-2-Decks-Promotional-Limited-/371786993594,NEW.  Limited Edition UCLA Bruins Playing Cards   2 Decks.  Promotional Limited,No rating available,6.99,6.99,http://i.ebayimg.com/images/g/3nUAAOSwxg5X1Ygv/s-l300.jpg,UCLA Athletics
http://www.ebay.com/itm/UCLA-Bruins-Flag-3x5-Banner-/221593280151,UCLA Bruins Flag 3x5 Banner,5.0 out of 5 stars,32.95,32.95,http://i.ebayimg.com/images/g/Cp4AAOSwnipWa859/s-l300.jpg,UCLA Athletics
http://www.ebay.com/itm/Chicago-Cubs-W-WIN-Authentic-27-x37-Polyester-Indoor-Outdoor-Banner-Flag-MLB-/201707239578,"Chicago Cubs W WIN Authentic 27""x37"" Polyester Indoor/Outdoor Banner Flag MLB",5.0 out of 5 stars,24.95,24.95,http://i.ebayimg.com/images/g/itwAAOSwkl5XdDyN/s-l300.jpg,Chicago Cubs
http://www.ebay.com/itm/Chicago-Cubs-2016-World-Series-Hoodie-Sweatshirt-Mens-Size-S-5XL-/222290444728,Chicago Cubs 2016 World Series Hoodie Sweatshirt Men&apos;s Size S - 5XL,5.0 out of 5 stars,36.95,36.95,http://i.ebayimg.com/images/g/1jsAAOSwXeJYDCrk/s-l300.jpg,Chicago Cubs
http://www.ebay.com/itm/Chicago-Cubs-2016-World-Series-Champions-Custom-Trophy-T-Shirt-Brand-New-S-3XL/152308770642,Chicago Cubs 2016 World Series Champions Custom Trophy T-Shirt Brand New S-3XL,5.0 out of 5 stars,14.99,14.99,http://i.ebayimg.com/images/g/Sp4AAOSwal5YH~ia/s-l300.jpg,Chicago Cubs
http://www.ebay.com/itm/Official-2016-World-Series-Champions-Champs-New-Era-39THIRTY-Hat-Chicago-Cubs-/302127690710,Official 2016 World Series Champions Champs New Era 39THIRTY Hat Chicago Cubs,5.0 out of 5 stars,59.99,59.99,http://i.ebayimg.com/images/g/cwcAAOSwXeJYGsUP/s-l300.jpg,Chicago Cubs
http://www.ebay.com/itm/NEW-ERA-LA-Los-Angeles-Dodgers-9forty-Cap-Pinch-Hitter-Game-Hat-One-Size-Blue-/291909029799,NEW ERA LA Los Angeles Dodgers 9forty Cap Pinch Hitter Game Hat One Size Blue,5.0 out of 5 stars,15,15,http://i.ebayimg.com/images/g/8d8AAOSwmLlX~tpU/s-l300.jpg,Los Angeles Dodgers
http://www.ebay.com/itm/Los-Angeles-LA-Dodgers-Stars-Stripes-Flag-MLB-Baseball-Indoor-Outdoor-3x5/282227235132,Los Angeles LA Dodgers Stars & Stripes Flag MLB Baseball Indoor Outdoor 3x5,5.0 out of 5 stars,14.99,14.99,http://i.ebayimg.com/images/g/taQAAOSwal5YCUUD/s-l300.jpg,Los Angeles Dodgers
http://www.ebay.com/itm/LA-Dodgers-Baseball-Jersey-2XL-Majestic-Blue-MLB-Los-Angeles-/291940260017,LA Dodgers Baseball Jersey 2XL Majestic Blue MLB Los Angeles,5.0 out of 5 stars,36,36,http://i.ebayimg.com/images/g/yi0AAOSwXeJYJjv4/s-l300.jpg,Los Angeles Dodgers
http://www.ebay.com/itm/Mens-LA-DODGERS-Stitches-Full-Zip-Jacket-Size-M-/311733384879,Men&apos;s LA DODGERS Stitches Full Zip Jacket Size M,5.0 out of 5 stars,39.99,39.99,http://i.ebayimg.com/images/g/zSUAAOSw4GVYGnVm/s-l300.jpg,Los Angeles Dodgers
http://www.ebay.com/itm/L-A-Dodgers-Navy-Blue-15oz-Ceramic-Relief-Mug-/182351078984,L.A. Dodgers Navy Blue 15oz. Ceramic Relief Mug,5.0 out of 5 stars,17.6,17.6,http://i.ebayimg.com/images/g/X3wAAOSwal5YJjvK/s-l300.jpg,Los Angeles Dodgers
http://www.ebay.com/itm/New-York-Yankees-24-x-36-Genuine-Wool-World-Series-Dynasty-Banner-MLB/162266941977,"New York Yankees 24"" x 36"" Genuine Wool World Series Dynasty Banner MLB",No rating available,51.95,51.95,http://i.ebayimg.com/images/g/4VsAAOSwg3FUme6n/s-l300.jpg,New York Yankees
http://www.ebay.com/itm/New-York-Yankees-Cap-NY-Logo-MLB-Hat-Fitted-Embroidered-On-Field-Game-Basic-NYC/201683975967,New York Yankees Cap NY Logo MLB Hat Fitted Embroidered On Field Game Basic NYC,No rating available,9.99,9.99,http://i.ebayimg.com/images/g/YSgAAOSwPCVX9W1G/s-l300.jpg,New York Yankees
http://www.ebay.com/itm/VTG-90S-NEW-YORK-YANKEES-NY-MAJESTIC-SEWN-GREY-JERSEY-NY-MLB-MENS-USA-S-EUC/291927190367,VTG 90S NEW YORK YANKEES NY MAJESTIC SEWN GREY JERSEY NY MLB MENS USA S EUC,No rating available,34.99,34.99,http://i.ebayimg.com/images/g/iyUAAOSwRQlXdBFf/s-l300.jpg,New York Yankees
http://www.ebay.com/itm/New-York-Yankees-Batting-Shirt-MLB-Size-XL/232133667910,New York Yankees Batting Shirt MLB Size XL,No rating available,8.99,8.99,http://i.ebayimg.com/images/g/jikAAOSwdsFXTEcx/s-l300.jpg,New York Yankees
http://www.ebay.com/itm/Northwest-MLB-Baseball-New-York-Yankees-Large-Logo-Fleece-Throw-Blanket-/191012188895,Northwest MLB Baseball New York Yankees Large Logo Fleece Throw Blanket,No rating available,18.44,18.44,http://i.ebayimg.com/images/g/xjQAAOSwuMFUeYxr/s-l300.jpg,New York Yankees
http://www.ebay.com/itm/San-Francisco-SF-GIANTS-ALTERNATE-New-Era-59FIFTY-Fitted-Caps-MLB-On-Field-Hats-/131421045022,San Francisco SF GIANTS ALTERNATE New Era 59FIFTY Fitted Caps MLB On Field Hats,No rating available,24.99,24.99,http://i.ebayimg.com/images/g/w~wAAOSwo0JWGZHN/s-l300.jpg,San Francisco Giants
http://www.ebay.com/itm/San-Francisco-Giants-Full-Size-12-X-30-MLB-Pennant-/321575029399,"San Francisco Giants Full Size 12"" X 30"" MLB Pennant",5.0 out of 5 stars,8.95,8.95,http://i.ebayimg.com/images/g/ofkAAOSwcBhWa9BL/s-l300.jpg,San Francisco Giants
http://www.ebay.com/itm/47-Brand-San-Francisco-Giants-Calgary-Knit-Hat-Orange-Black-MLB/302135584683,&apos;47 Brand San Francisco Giants Calgary Knit Hat - Orange/Black - MLB,5.0 out of 5 stars,14.39,14.39,http://i.ebayimg.com/images/g/kK0AAOSw44BYJeqT/s-l300.jpg,San Francisco Giants
http://www.ebay.com/itm/SF-Giants-Baseball-T-Shirt-XL-San-Francisco-Tee-2-small-holes-/122217641446,SF Giants Baseball T Shirt XL - San Francisco Tee -   2 small holes,5.0 out of 5 stars,7.99,7.99,http://i.ebayimg.com/images/g/vF4AAOSw3YNXbFES/s-l300.jpg,San Francisco Giants
http://www.ebay.com/itm/San-Francisco-Giants-Dont-Stop-BeliEVEN-T-Shirt-New-2016-Playoffs/172366224957,San Francisco Giants Don&apos;t Stop BeliEVEN T-Shirt (New) 2016 Playoffs,5.0 out of 5 stars,17.99,17.99,http://i.ebayimg.com/images/g/legAAOSwpLNX9o1X/s-l300.jpg,San Francisco Giants
http://www.ebay.com/itm/NEW-ERA-Boston-Red-Sox-Hat-Cap-Men-Pinch-Hitter-940-One-Size-Poly-Navy-Blue-/291438748100,NEW ERA Boston Red Sox Hat Cap Men Pinch Hitter 940 One Size Poly Navy Blue,5.0 out of 5 stars,14.95,14.95,http://i.ebayimg.com/images/g/R3UAAOSwPhdVNV~X/s-l300.jpg,Boston Red Sox
http://www.ebay.com/itm/Boston-Red-Sox-Tee-Shirt-Youth-Sizes-Boys-New-MLB-Majestic/361665648452,Boston Red Sox Tee Shirt Youth Sizes Boys New MLB Majestic,5.0 out of 5 stars,12.49,12.49,http://i.ebayimg.com/images/g/N5MAAOSwq7JT4R~w/s-l300.jpg,Boston Red Sox
http://www.ebay.com/itm/Boston-Red-Sox-2004-World-Series-Champs-Magnet-MLB/361460925921,Boston Red Sox 2004 World Series Champs Magnet MLB,5.0 out of 5 stars,3.49,3.49,"http://i.ebayimg.com/13/!B0joGS!CWk~$(KGrHqF,!i0Ew5WCg,OFBM,zT+U,jQ~~_35.JPG?set_id=8800005007",Boston Red Sox
http://www.ebay.com/itm/MLB-Boston-Red-Sox-True-Fan-Traditional-Jersey-Button-Up-Mens-Baseball-/351890344816,MLB Boston Red Sox True Fan Traditional Jersey Button Up Mens Baseball,5.0 out of 5 stars,15.95,15.95,http://i.ebayimg.com/images/g/zpEAAOSwImRYEmgk/s-l300.jpg,Boston Red Sox
http://www.ebay.com/itm/Boston-Red-Sox-2004-World-Series-Sports-Illustrated-Commemorative-Issue/262700003385,Boston Red Sox 2004 World Series Sports Illustrated Commemorative Issue,5.0 out of 5 stars,9.99,9.99,http://i.ebayimg.com/images/g/GaMAAOSwgZ1Xr0Cy/s-l300.jpg,Boston Red Sox
http://www.ebay.com/itm/2015-Kris-Bryant-20-Card-Lot-Panini-USA-Stars-and-Stripes-Rookie-Cubs-/381846125118,2015 Kris Bryant 20 Card Lot - Panini USA Stars and Stripes Rookie - Cubs,5.0 out of 5 stars,14.99,14.99,http://i.ebayimg.com/images/g/a3MAAOSwawpXvHXx/s-l300.jpg,Kris Bryant
http://www.ebay.com/itm/Kris-Bryant-Chicago-Cubs-Youth-White-Official-Cool-Base-Player-Jersey-/192024983419,Kris Bryant Chicago Cubs Youth White Official Cool Base Player Jersey,5.0 out of 5 stars,54.99,54.99,http://i.ebayimg.com/images/g/e0oAAOSwXyVYJjzn/s-l300.jpg,Kris Bryant
http://www.ebay.com/itm/MLB-Chicago-Cubs-Kris-Bryant-2015-Player-Poster-22x34-Baseball-/371773090702,MLB Chicago Cubs - Kris Bryant 2015 Player Poster 22x34 Baseball,No rating available,8.99,8.99,http://i.ebayimg.com/images/g/kukAAOSw~bFWJvzi/s-l300.jpg,Kris Bryant
http://www.ebay.com/itm/MLB-Chicago-Cubs-Kris-Bryant-Name-Number-World-Series-Champions-T-Shirt-2X-La-/162277583903,MLB Chicago Cubs Kris Bryant Name & Number World Series Champions T-Shirt-2X-La,No rating available,32.99,32.99,http://i.ebayimg.com/images/g/OfMAAOSwKOJYJj8n/s-l300.jpg,Kris Bryant
http://www.ebay.com/itm/Clayton-Kershaw-2008-Upper-Deck-SP-Timelines-Top-Prospects-97-RC-/122222867512,Clayton Kershaw - 2008 Upper Deck SP Timelines Top Prospects #97 RC,No rating available,9.95,9.95,http://i.ebayimg.com/images/g/kfIAAOSw-CpYBWxm/s-l300.jpg,Clayton Kershaw
http://www.ebay.com/itm/Clayton-Kershaw-Los-Angeles-Dodgers-22-Adult-Men-M-L-XL-White-Replica-Jersey-/192017946563,Clayton Kershaw Los Angeles Dodgers #22 Adult Men M L XL White Replica Jersey,No rating available,59.95,59.95,http://i.ebayimg.com/images/g/ftQAAOSwbsBXjokY/s-l300.jpg,Clayton Kershaw
http://www.ebay.com/itm/CLAYTON-KERSHAW-LOS-ANGELES-DODGERS-POSTER-22x34-BASEBALL-MLB-13429-/291356883286,CLAYTON KERSHAW - LOS ANGELES DODGERS POSTER - 22x34 BASEBALL MLB 13429,No rating available,7.95,7.95,http://i.ebayimg.com/images/g/QpMAAOSwk5FUuprO/s-l300.jpg,Clayton Kershaw
http://www.ebay.com/itm/CLAYTON-KERSHAW-Los-Angeles-Dodgers-Glossy-8-x-10-Photo-Poster/401102504079,CLAYTON KERSHAW Los Angeles Dodgers Glossy 8 x 10 Photo Poster,No rating available,3.99,3.99,http://i.ebayimg.com/images/g/yb0AAOSwsN9XBrpg/s-l300.jpg,Clayton Kershaw
http://www.ebay.com/itm/GARY-SANCHEZ-2016-TOPPS-SERIES-2-RAINBOW-FOIL-675-RC-/152314814755,GARY SANCHEZ 2016 TOPPS SERIES 2 RAINBOW FOIL #675 RC,No rating available,3,3,http://i.ebayimg.com/images/g/oJ0AAOSwKOJYJlpQ/s-l300.jpg,Gary Sanchez
http://www.ebay.com/itm/Gary-Sanchez-Majestic-New-York-Yankees-T-Shirt-MLB-/351888013101,Gary Sanchez Majestic New York Yankees T-Shirt - MLB,No rating available,17.99,17.99,http://i.ebayimg.com/images/g/uXoAAOSwImRYD2e6/s-l300.jpg,Gary Sanchez
http://www.ebay.com/itm/Gary-Sanchez-New-York-Yankees-Backer-T-Shirt-Navy-MLB-/371752928883,Gary Sanchez New York Yankees Backer T-Shirt - Navy - MLB,No rating available,34.99,34.99,http://i.ebayimg.com/images/g/XgcAAOSwzaJX8uQT/s-l300.jpg,Gary Sanchez
http://www.ebay.com/itm/Gary-Sanchez-Framed-8x10-Photo-Poster-Yankees-/192008497289,Gary Sanchez Framed 8x10 Photo Poster Yankees,No rating available,34.99,34.99,http://i.ebayimg.com/images/g/9VkAAOSwMVdYD7vY/s-l300.jpg,Gary Sanchez
http://www.ebay.com/itm/New-GARY-SANCHEZ-New-York-Yankees-2016-Superstar-Premium-16x20-POSTER-Print-/361740566395,New GARY SANCHEZ New York Yankees 2016 Superstar Premium 16x20 POSTER Print,No rating available,23.99,23.99,http://i.ebayimg.com/images/g/l2MAAOSwOyJX40UZ/s-l300.jpg,Gary Sanchez
http://www.ebay.com/itm/Dustin-Pedroia-2010-Topps-Series-2-Copper-Card-109-399-Boston-Red-Sox-/332026433575,Dustin Pedroia 2010 Topps Series 2 Copper Card #109/399 Boston Red Sox,No rating available,5.99,5.99,http://i.ebayimg.com/images/g/PxwAAOSwKOJYIhCq/s-l300.jpg,Dustin Pedroia
http://www.ebay.com/itm/2016-Topps-Museum-Collection-PP-DP-Dustin-Pedroia-d-3-25-Auto-/291937538834,2016 Topps Museum Collection #PP-DP Dustin Pedroia #d 3/25 Auto,No rating available,59.99,59.99,http://i.ebayimg.com/images/g/wOEAAOSwnbZYIkrC/s-l300.jpg,Dustin Pedroia
http://www.ebay.com/itm/NEW-15-Dustin-Pedroia-Red-Sox-Youth-Sizes-4-5-6-7-8-10-12-14-16-18-Jersey-/191848858834,NEW #15 Dustin Pedroia Red Sox Youth Sizes 4/5-6/7-8-10/12-14/16-18 Jersey,No rating available,21.24,21.24,http://i.ebayimg.com/images/g/YWYAAOSw2GlXEB52/s-l300.jpg,Dustin Pedroia
http://www.ebay.com/itm/999-Boston-Red-Sox-DUSTIN-PEDROIA-Authentic-BP-Cool-Base-JERSEY-BLUE-New-LARGE-/401168712462,999 Boston Red Sox DUSTIN PEDROIA Authentic BP Cool Base JERSEY BLUE New LARGE,No rating available,69.99,69.99,http://i.ebayimg.com/images/g/nQoAAOSwHoFXq5v4/s-l300.jpg,Dustin Pedroia
http://www.ebay.com/itm/Boston-Red-Sox-DUSTIN-PEDROIA-Glossy-8x10-Photo-Spotlight-Print-Baseball-Poster-/201697041537,Boston Red Sox DUSTIN PEDROIA Glossy 8x10 Photo Spotlight Print Baseball Poster,No rating available,4.99,4.99,http://i.ebayimg.com/images/g/HHwAAOSwLnBXVjc~/s-l300.jpg,Dustin Pedroia
http://www.ebay.com/itm/MADISON-BUMGARNER-2007-JUST-MINORS-JUSTIFIABLE-PREVIEW-RC-AUTO-78-100-GIANTS-/361820483542,MADISON BUMGARNER 2007 JUST MINORS JUSTIFIABLE PREVIEW RC AUTO #78/100 GIANTS,No rating available,29.99,29.99,http://i.ebayimg.com/images/g/BlQAAOSwnbZYIQbD/s-l300.jpg,Madison Bumgarner
http://www.ebay.com/itm/2014-MLB-World-Series-Madison-Bumgarner-Poster-SF-Giants-17-wide-x-11-tall-/151461580202,2014 MLB World Series Madison Bumgarner Poster,No rating available,11.95,11.95,http://i.ebayimg.com/images/g/m6YAAOSwrx5UVU1b/s-l300.jpg,Madison Bumgarner
http://www.ebay.com/itm/NHL-REEBOK-Premier-Columbus-Blue-Jackets-Hockey-Jersey-New-Youth-S-M-MSRP-80/281817112755,NHL REEBOK Premier Columbus Blue Jackets Hockey Jersey New Youth S/M MSRP $80,No rating available,29.7,29.7,http://i.ebayimg.com/images/g/qiMAAOSwVL1WEHk-/s-l300.jpg,Columbus Blue Jackets
http://www.ebay.com/itm/Majestic-Columbus-Blue-Jackets-Cross-Check-Long-Sleeve-T-Shirt-Navy-Blue-NHL/351382741914,Majestic Columbus Blue Jackets Cross Check Long Sleeve T-Shirt - Navy Blue - NHL,No rating available,26.99,26.99,http://i.ebayimg.com/images/g/G60AAOSw9N1Vyhi9/s-l300.jpg,Columbus Blue Jackets
http://www.ebay.com/itm/Columbus-Blue-Jackets-Navy-Oxford-Bow-Tie-/191925603821,Columbus Blue Jackets Navy Oxford Bow Tie,No rating available,19.99,19.99,http://i.ebayimg.com/images/g/oDoAAOSwayZXjOXj/s-l300.jpg,Columbus Blue Jackets
http://www.ebay.com/itm/Columbus-Blue-Jackets-NHL-Hockey-Structured-Baseball-Hat-Adult-One-Size-NEW-Cap-/161672182472,Columbus Blue Jackets NHL Hockey Structured Baseball Hat Adult One Size NEW Cap,No rating available,12.99,12.99,http://i.ebayimg.com/images/g/flUAAOxyOalTXFM5/s-l300.jpg,Columbus Blue Jackets
http://www.ebay.com/itm/NEW-REEBOK-COLUMBUS-BLUE-JACKETS-BLUE-TODDLER-BEANIE-HAT-NHL-HOCKEY-ST15/272426833145,NEW REEBOK COLUMBUS BLUE JACKETS BLUE TODDLER BEANIE HAT NHL HOCKEY ST15,No rating available,9.99,9.99,http://i.ebayimg.com/images/g/YXAAAOSwoudW5boe/s-l300.jpg,Columbus Blue Jackets
http://www.ebay.com/itm/Pittsburgh-Penguins-Reebok-Youth-Lets-Go-Pens-T-Shirt-Gold/351743181598,Pittsburgh Penguins Reebok Youth Let&apos;s Go Pens T-Shirt - Gold,No rating available,19.99,19.99,http://i.ebayimg.com/images/g/asYAAOSwNsdXRu-6/s-l300.jpg,Pttsburgh Penguins
http://www.ebay.com/itm/KRIS-LETANG-PITTSBURGH-PENGUINS-2016-NHL-STANLEY-CUP-FINAL-REEBOK-PREMIER-JERSEY-/351900393946,KRIS LETANG PITTSBURGH PENGUINS 2016 NHL STANLEY CUP FINAL REEBOK PREMIER JERSEY,No rating available,99.95,99.95,http://i.ebayimg.com/images/g/GpcAAOSwpLNX-T2o/s-l300.jpg,Pttsburgh Penguins
http://www.ebay.com/itm/Pittsburgh-Penguins-32-Embroidered-Genuine-Wool-Heritage-Banner-NHL-Hologram-/201707505713,"Pittsburgh Penguins 32"" Embroidered Genuine Wool Heritage Banner NHL Hologram",No rating available,19.95,19.95,http://i.ebayimg.com/images/g/HlcAAOSwoi1X8xoG/s-l300.jpg,Pttsburgh Penguins
http://www.ebay.com/itm/2016-2017-Pittsburgh-Penguins-50th-Anniversary-Jersey-Patch-100-Official-Emblem-/391600065716,2016 2017 Pittsburgh Penguins 50th Anniversary Jersey Patch 100% Official Emblem,5.0 out of 5 stars,12.95,12.95,http://i.ebayimg.com/images/g/ZjIAAOSwpLNYB80T/s-l300.jpg,Pttsburgh Penguins
http://www.ebay.com/itm/New-York-Rangers-Reebok-Playoff-Structured-Flex-Hat-Charcoal-Royal-NHL/351718831348,New York Rangers Reebok Playoff Structured Flex Hat - Charcoal/Royal - NHL,5.0 out of 5 stars,29.99,29.99,http://i.ebayimg.com/images/g/xO4AAOSwI2xX8a49/s-l300.jpg,New York Rangers
http://www.ebay.com/itm/New-York-Rangers-NHL-Color-Die-Cut-Decal-Car-Sticker-Free-Shipping/371551804542,New York Rangers NHL Color Die-Cut Decal / Car Sticker *Free Shipping,5.0 out of 5 stars,4.37,4.37,http://i.ebayimg.com/images/g/WYIAAOSwB4NWu75m/s-l300.jpg,New York Rangers
http://www.ebay.com/itm/2016-2017-New-York-Rangers-Pin-Team-Issue-Brand-New-NY-NYR-90-Years-/162272598419,2016-2017 New York Rangers Pin Team Issue Brand New  NY NYR 90 Years,5.0 out of 5 stars,4,4,http://i.ebayimg.com/images/g/ErMAAOSw5cNYG26M/s-l300.jpg,New York Rangers
http://www.ebay.com/itm/Ryan-McDonagh-Reebok-New-York-Rangers-T-Shirt-NHL/371314384215,Ryan McDonagh Reebok New York Rangers T-Shirt - NHL,5.0 out of 5 stars,27.99,27.99,http://i.ebayimg.com/images/g/A6wAAOSwpLNX8C16/s-l300.jpg,New York Rangers
http://www.ebay.com/itm/Reebok-Premier-NY-New-York-Rangers-Keith-Yandle-Hockey-Jersey-Medium-M-NHL-RBK-/201715798708,Reebok Premier NY New York Rangers  Keith Yandle Hockey Jersey Medium M NHL RBK,5.0 out of 5 stars,65,65,http://i.ebayimg.com/images/g/HP8AAOSwHMJYJho3/s-l300.jpg,New York Rangers
http://www.ebay.com/itm/Antigua-Philadelphia-Flyers-Mens-Leader-Pullover/232137695438,Antigua Philadelphia Flyers Men&apos;s Leader Pullover,5.0 out of 5 stars,53.18,53.18,http://i.ebayimg.com/images/g/jVkAAOSwA3dYIgmO/s-l300.jpg,Philadelphia Flyers
http://www.ebay.com/itm/Philadelphia-Flyers-NHL-12-x-6-Metal-License-Plate-Frame-Philly-by-Rico310585-/401189979998,"Philadelphia Flyers NHL 12"" x 6"" Metal License Plate Frame Philly by Rico310585",5.0 out of 5 stars,11.46,11.46,http://i.ebayimg.com/images/g/e1oAAOSwPCVX3Gi7/s-l300.jpg,Philadelphia Flyers
http://www.ebay.com/itm/Philadelphia-Flyers-Reebok-NHL-Orange-T-Shirt-Jersey-48-Briere-2XL-/201662705293,Philadelphia Flyers Reebok NHL Orange T-Shirt Jersey #48 Briere 2XL,No rating available,5.49,5.49,http://i.ebayimg.com/images/g/2RUAAOSwMtxXrrWR/s-l300.jpg,Philadelphia Flyers
http://www.ebay.com/itm/NHL-Hockey-Philadelphia-Flyers-Banner-House-Logo-Orange-Flag-42-x-28-/272443000359,"NHL Hockey Philadelphia Flyers Banner House Logo Orange Flag 42"" x 28""",No rating available,14.95,14.95,http://i.ebayimg.com/images/g/YAoAAOSwMgdX0zml/s-l300.jpg,Philadelphia Flyers
http://www.ebay.com/itm/NEW-WINTER-CLASSIC-PHILADELPHIA-FLYERS-ADULT-BEANIE-HAT-CAP-by-REEBOK/400861393686,NEW WINTER CLASSIC PHILADELPHIA FLYERS ADULT BEANIE HAT CAP by REEBOK,No rating available,11.89,11.89,http://i.ebayimg.com/images/g/sS0AAOSwPYZU2oxV/s-l300.jpg,Philadelphia Flyers
http://www.ebay.com/itm/Carolina-Hurricanes-Antigua-Victory-Pullover-Hoodie-Red-NHL-/371784257076,Carolina Hurricanes Antigua Victory Pullover Hoodie - Red - NHL,No rating available,59.99,59.99,http://i.ebayimg.com/images/g/-RkAAOSwnbZYIee3/s-l300.jpg,Carolina Hurricanes
http://www.ebay.com/itm/NHL-Carolina-Hurricanes-Car-Flag-/361699802628,NHL Carolina Hurricanes Car Flag,No rating available,12.49,12.49,http://i.ebayimg.com/images/g/W74AAOSw6n5Xu76p/s-l300.jpg,Carolina Hurricanes
http://www.ebay.com/itm/Carolina-Hurricanes-Reebok-NHL-Structured-Flex-Fit-Practice-Hat-Cap-L-XL/331763639504,Carolina Hurricanes Reebok NHL Structured Flex Fit Practice Hat Cap L/XL,No rating available,15,15,http://i.ebayimg.com/images/g/gboAAOSwX~dWp-Hd/s-l300.jpg,Carolina Hurricanes
http://www.ebay.com/itm/Carolina-Hurricanes-Official-NHL-3-Pack-Ball-Marker-by-Team-Golf-13488/162239500416,Carolina Hurricanes Official NHL 3 Pack Ball Marker by Team Golf 13488,No rating available,27.49,27.49,http://i.ebayimg.com/images/g/COIAAOSwpLNYAVVX/s-l300.jpg,Carolina Hurricanes
http://www.ebay.com/itm/Nike-NIKECOURT-Premier-Rafa-Nadal-VAMOS-MENS-T-SHIRT-Black-XL-850860-010-/162270094415,"Nike NIKECOURT Premier Rafa Nadal ""VAMOS"" MEN&apos;S T-SHIRT Black (XL) 850860-010",5.0 out of 5 stars,21.95,21.95,http://i.ebayimg.com/images/g/xLoAAOSw8w1X4RD1/s-l300.jpg,Rafael Nadal
http://www.ebay.com/itm/Nike-Premier-Rafael-Nadal-Tennis-Shirt-Monte-Carlo-2015-/272238177707,Nike Premier Rafael Nadal Tennis Shirt. Monte Carlo 2015.,5.0 out of 5 stars,49.97,49.97,http://i.ebayimg.com/images/g/mJwAAOSwHnFVmqaZ/s-l300.jpg,Rafael Nadal
http://www.ebay.com/itm/Rafael-Nadal-Tennis-star-poster-36-x-24-Decor-50-/321634642815,"Rafael Nadal Tennis star poster 36"" x 24"" Decor 50",5.0 out of 5 stars,9.99,9.99,http://i.ebayimg.com/images/g/OhkAAOSwg3FUqo5S/s-l300.jpg,Rafael Nadal
http://www.ebay.com/itm/Rafa-Rafael-Nadal-Tennis-Grand-Slam-Wall-Poster-40x24-/221274143345,"Rafa Rafael Nadal Tennis Grand Slam Wall Poster 40x24""",5.0 out of 5 stars,9.99,9.99,http://i.ebayimg.com/images/g/NvcAAMXQDnpTYiIP/s-l300.jpg,Rafael Nadal
http://www.ebay.com/itm/Rafa-by-Rafael-Nadal-and-John-Carlin-2012-Paperback-/282249210408,"Rafa by Rafael Nadal and John Carlin (2012, Paperback) 1401310923",No rating available,16.25,16.25,"http://i.ebayimg.com/00/z/BtIAAOxy2HFSXx9a/$T2eC16F,!)MFIbzIg7oYBS()9,Pb0!~~_35.JPG?set_id=89040003C1",Rafael Nadal
http://www.ebay.com/itm/NIKE-PREMIER-RF-V-NECK-ROGER-FEDERER-Tennis-Shirt-BLACK-688576-010-Mens-MEDIUM/111983708622,NIKE PREMIER RF V-NECK ROGER FEDERER Tennis Shirt BLACK 688576-010 (Mens MEDIUM),5.0 out of 5 stars,29.99,29.99,http://i.ebayimg.com/images/g/82UAAOSw3mpXJQFN/s-l300.jpg,Roger Federer
http://www.ebay.com/itm/New-Nike-RF-Hybrid-Hat-Roger-Federer-Hat-White-with-Green-Letters-371202-110-/272430365654,New Nike  RF Hybrid Hat Roger Federer Hat White with Green Letters 371202 110,5.0 out of 5 stars,21.99,21.99,http://i.ebayimg.com/images/g/arYAAOSwcUBYE~Vv/s-l300.jpg,Roger Federer
http://www.ebay.com/itm/Tennis-Poster-Roger-Federer-13x19-inch-/231279660337,The HiFi Hi Fi World of Violin Japan Audiophile NM CD Paganini Ensemble Chee-Yun,5.0 out of 5 stars,19.99,19.99,http://i.ebayimg.com/images/a/(KGrHqYOKjYE43-6s9ftBO(2SNdF3g~~/s-l300.jpg,Roger Federer
http://www.ebay.com/itm/Roger-Federer-Quest-for-Perfection-/252478308123,Roger Federer: Quest for Perfection 942257723,5.0 out of 5 stars,3.97,3.97,http://i.ebayimg.com/00/s/NDAwWDI2Ng==/z/ZaoAAOSw14xWIAJe/$_35.JPG?set_id=89040003C1,Roger Federer
http://www.ebay.com/itm/Fedegraphica-Graphic-Biography-Genius-Roger-Federer-by-Mark-Hodgkinso-Hardcover-/291792493887,Fedegraphica: Graphic Biography Genius Roger Federer by Mark Hodgkinso Hardcover 1781315299,No rating available,23.37,23.37,http://i.ebayimg.com/images/g/SSAAAOSwmtJXYGLX/s-l300.jpg,Roger Federer
http://www.ebay.com/itm/SERENA-WILLIAMS-TENNIS-Poster-Choose-a-Size-001-/252507228939,SERENA WILLIAMS TENNIS Poster - Choose a Size! #001,No rating available,9.5,9.5,http://i.ebayimg.com/images/g/d6wAAOSw-itXuMHl/s-l300.jpg,Serena Williams
http://www.ebay.com/itm/Serena-Williams-Tennis-Player-Sport-Wall-Print-POSTER/152085674959,Serena Williams Tennis Player Sport Wall Print POSTER,No rating available,5.95,5.95,http://i.ebayimg.com/images/g/0BMAAOSwqRdXMZkJ/s-l300.jpg,Serena Williams
http://www.ebay.com/itm/SERENA-WILLIAMS-RARE-NO-EXCUSES-BACK-WHERE-YOU-BELONG-WTA-TOUR-CHAMPION-POSTER-/192023117966,SERENA WILLIAMS RARE NO EXCUSES BACK WHERE YOU BELONG WTA TOUR CHAMPION POSTER,No rating available,6.8,6.8,http://i.ebayimg.com/images/g/2rsAAOSw2s1U1NRu/s-l300.jpg,Serena Williams
http://www.ebay.com/itm/3-SERENA-WILLIAMS-COLLECTIBLE-NIKE-GIFT-CARDS-TENNIS-WIMBLEDON-US-OPEN-SLAM-USA-/201713849749,3 SERENA WILLIAMS COLLECTIBLE NIKE GIFT CARDS TENNIS WIMBLEDON US OPEN SLAM USA,No rating available,2.99,2.99,http://i.ebayimg.com/images/g/4SsAAOSweW5Vc5Sk/s-l300.jpg,Serena Williams
http://www.ebay.com/itm/Sports-Illustrated-Serena-Williams-Wimbledon-Tennis-7-12-2010-/351901098239,Sports Illustrated Serena Williams Wimbledon Tennis 7/12/2010,No rating available,2.99,2.99,http://i.ebayimg.com/images/g/ZE8AAOSwBP9UXQpV/s-l300.jpg,Serena Williams
http://www.ebay.com/itm/SHARPER-IMAGE-CATALOG-NOVEMBER-2004-MARIA-SHARAPOVA-/381845262778,SHARPER IMAGE CATALOG NOVEMBER 2004 MARIA SHARAPOVA,No rating available,6.99,6.99,http://i.ebayimg.com/images/g/SEsAAOSwd0BVvUcs/s-l300.jpg,Maria Sharapova
http://www.ebay.com/itm/1-Maria-Sharapova-Roland-Garros-2014-Tennis-Champion-Fridge-Magnet-2-5-x-3-5-/282250944618,"#1 Maria Sharapova Roland Garros 2014 Tennis Champion Fridge Magnet 2.5"" x 3.5""",No rating available,4.5,4.5,http://i.ebayimg.com/images/g/NhYAAOSwsFpWRNAA/s-l300.jpg,Maria Sharapova
http://www.ebay.com/itm/2005-ACE-JAPAN-MARIA-SHARAPOVA-J-2-YELLOW-JERSEY-ROOKIE-RC-SPECIAL-EDITION-/162276589283,2005 ACE JAPAN MARIA SHARAPOVA #J-2 YELLOW JERSEY ROOKIE RC SPECIAL EDITION,No rating available,11.99,11.99,http://i.ebayimg.com/images/g/X~AAAOSwAYtWNWDE/s-l300.jpg,Maria Sharapova
http://www.ebay.com/itm/Official-Rio-2016-Olympic-Games-UNIQLO-Tennis-Novak-Djokovic-DRY-EX-Polo-Shirt/222270535618,Official Rio 2016 Olympic Games UNIQLO Tennis Novak Djokovic DRY EX Polo Shirt,No rating available,50.59,50.59,http://i.ebayimg.com/images/g/d-YAAOSwMgdXxvwO/s-l300.jpg,Novak Djokovic
http://www.ebay.com/itm/2015-US-Open-Daily-Tennis-Magazine-Novak-Djokovic-Poster-Serena-Williams-Sept-6-/142173493325,2015 US Open Daily Tennis Magazine Novak Djokovic Poster Serena Williams Sept 6,No rating available,9.99,9.99,http://i.ebayimg.com/images/g/NwUAAOSw9r1WB1It/s-l300.jpg,Novak Djokovic
http://www.ebay.com/itm/NOVAK-DJOKOVIC-LOGO-TSHIRT-2-SIDE-Size-S-M-L-XL-2XL-3XL-/172386122911,NOVAK DJOKOVIC LOGO TSHIRT  2 SIDE Size S M L XL 2XL 3XL,No rating available,21,21,http://i.ebayimg.com/images/g/aPcAAOSwUEVYDpfu/s-l300.jpg,Novak Djokovic
http://www.ebay.com/itm/NOVAK-DJOKOVIC-AUTOGRAPHED-ROLAND-GARROS-FRENCH-OPEN-TENNIS-BALL-CAN-50-OFF-/162093114680,NOVAK DJOKOVIC AUTOGRAPHED ROLAND GARROS FRENCH OPEN  TENNIS BALL CAN-50% OFF,No rating available,49.99,49.99,http://i.ebayimg.com/images/g/cToAAOSwOVpXUv5W/s-l300.jpg,Novak Djokovic
http://www.ebay.com/itm/Pro-Tennis-Player-NOVAK-DJOKOVIC-Glossy-8x10-Photo-Poster-Print-Australian-Open-/191817435959,Pro Tennis Player NOVAK DJOKOVIC Glossy 8x10 Photo Poster Print Australian Open,No rating available,4.99,4.99,http://i.ebayimg.com/images/g/AokAAOSwNSxVF0wo/s-l300.jpg,Novak Djokovic
