URL,Image,Price,Title,Rating,Keywords
Spalding NBA LA Lakers Team Ball,https://i5.walmartimages.com/asr/fdb4ee64-dc76-446d-8514-aaebe637d93f_1.944b1e1c6e5961570d9c8697e7d4ac5b.jpeg,$16.99,Spalding NBA LA Lakers Team Ball,4.7 out of 5,Spalding
,,,,,NBA
,,,,,LA
,,,,,Lakers
,,,,,Team
,,,,,Ball
Rico Industries NBA Economy Grill Cover LA Lakers,https://i5.walmartimages.com/asr/dc984326-d699-49bf-9884-95ee6f78b989_1.6e6add9ed1ebee780302c3fe9bafdd4a.jpeg,$29.95,"Rico Industries NBA Economy Grill Cover, LA Lakers",No rating available,NBA
,,,,,Industries
,,,,,Economy
,,,,,Grill
,,,,,Cover
,,,,,LA
,,,,,Lakers
,,,,,Cover
LA Lakers Heritage Banner,https://i5.walmartimages.com/asr/3086e5b5-ce5d-4e6b-8ea6-4c8e99d94b0d_1.a90a82a7499503a44fcda0b12d2c7685.jpeg,$20.89,LA Lakers Heritage Banner,No rating available,LA
,,,,,Lakers
,,,,,Heritage
,,,,,Banner
Heather Gray Hardwood Classics Los Angeles LA Lakers T Shirt,https://i5.walmartimages.com/asr/94b2b220-1a89-4bc1-b232-b62d4d21f5c1_1.4f5ca06f1dec0e93dcd53f17ea29e66a.jpeg,$29.95,Heather Gray Hardwood Classics Los Angeles LA Lakers T,No rating available,Heather
,,,,,Gray
,,,,,Hardwood
,,,,,Classics
,,,,,Los
,,,,,Angeles
,,,,,LA
,,,,,Lakers
,,,,,T
,,,,,Shirt
LA Lakers Superblock Purple Yellow Two Tone Snapback Adjustable PlasticCap,https://i5.walmartimages.com/asr/74c04b31-3d7c-4b98-bc0d-84dc2762966d_1.cffe5fd9cb4d13f05e608225aebc2ad8.jpeg,$29.95,LA Lakers Superblock Purple/Yellow Two Tone Snapback Adjustable PlasticCap,No rating available,LA
,,,,,Lakers
,,,,,Purple
,,,,,Yellow
,,,,,Two
,,,,,Tone
,,,,,Snapback
,,,,,Adjustable
Turner Sports 2017 22 x 17 Desk Calendar New York Knicks,https://i5.walmartimages.com/asr/7d34cac7-3bc2-4a50-9cf3-f36fe5fcc946_1.6d60a4d49bc85eaa0a505b4e73d47190.jpeg,$11.12,"Turner Sports 2017 22"" x 17"" Desk Calendar, New York Knicks",No rating available,Turner
,,,,,Sports
,,,,,Desk
,,,,,Calendar
,,,,,New
,,,,,York
,,,,,Knicks
,,,,,Calendar
NBA New York Knicks Big Men s Long Sleeve Fleece Pullover,https://i5.walmartimages.com/asr/5f2637f8-f4f4-4066-aa6e-c443c089c0cd_1.cd183e90870853978ac69053921d5ba3.jpeg,$36.96,NBA New York Knicks Big Men's Long Sleeve Fleece Pullover,No rating available,NBA
,,,,,New
,,,,,York
,,,,,Knicks
,,,,,Big
,,,,,Men
,,,,,Long
,,,,,Sleeve
,,,,,Fleece
,,,,,Pullover
,,,,,Mens
New York Knicks Logo Big Shot Snapback Cap,https://i5.walmartimages.com/asr/63abd293-3588-4a5e-9d75-26df1a6feaaa_1.2657468828b33c3509d2b170f3df0c8a.jpeg,$28.00,New York Knicks,No rating available,New
,,,,,York
,,,,,Knicks
,,,,,Logo
,,,,,Big
,,,,,Shot
,,,,,Snapback
,,,,,Cap
SkootZ Wristband New York Knicks,https://i5.walmartimages.com/asr/c1b1a98c-959c-474a-a0cd-017cdac7fc28_1.a6c7e615120c5041e21e5d2ceaadff58.jpeg,$4.70 - $5.00,"SkootZ Wristband, New York Knicks",No rating available,SkootZ
,,,,,Wristband
,,,,,New
,,,,,York
,,,,,Knicks
,,,,,Wristband
NBA New York Knicks Script 54 x 84 Sweatshirt Throw,https://i5.walmartimages.com/asr/5dd1ac94-3af7-4aec-848d-6fcd4aed50e3_1.b39ec8d4143dbf15d43526b6d4c2e034.jpeg,$30.00,"NBA New York Knicks ""Script"" 54"" x 84"" Sweatshirt Throw",No rating available,NBA
,,,,,New
,,,,,York
,,,,,Knicks
,,,,,Sweatshirt
,,,,,Throw
Chicago Bulls Youth Adidas NBA Primary Logo Long Sleeve T Shirt,https://i5.walmartimages.com/asr/c5e683ac-47be-456f-af61-5c0d6d8a18f6_1.171add587b3e717e30c1c486ecb95712.jpeg,$19.95,"Chicago Bulls Youth Adidas NBA ""Primary Logo"" Long Sleeve T",No rating available,Chicago
,,,,,Bulls
,,,,,Youth
,,,,,Adidas
,,,,,NBA
,,,,,Primary
,,,,,Logo
,,,,,Long
,,,,,Sleeve
,,,,,T
,,,,,Shirt
,,,,,Primary
,,,,,Logo
Mitchell Ness Chicago Bulls Jersey Mesh Snapback,https://i5.walmartimages.com/asr/52415985-32f9-4428-9ff5-5163844c476e_1.a6ede99c01cd220c66fff72d284db264.jpeg,$30.00,Mitchell & Ness Chicago Bulls Jersey Mesh Snapback,No rating available,Mitchell
,,,,,Ness
,,,,,Chicago
,,,,,Bulls
,,,,,Jersey
,,,,,Mesh
,,,,,Snapback
NBA Chicago Bulls 50 x 60 Fleece Throw,https://i5.walmartimages.com/asr/f301fd04-5101-4c25-a70b-2fd98b8ff91e_1.49f893819eefbe6d81b7ed3d88f2f5cb.jpeg,$15.25,"NBA Chicago Bulls 50"" x 60"" Fleece Throw",3 out of 5,NBA
,,,,,Chicago
,,,,,Bulls
,,,,,Fleece
,,,,,Throw
24oz NBA Chicago Bulls Squeeze Water Bottle,https://i5.walmartimages.com/asr/33ddca03-ef4f-4ec2-8a6b-f820b8db88cd_1.5240766ba48a86b00bda14ff44d30d31.jpeg,$15.04,24oz NBA Chicago Bulls Squeeze Water Bottle,No rating available,NBA
,,,,,Chicago
,,,,,Bulls
,,,,,Water
,,,,,Bottle
NBA Chicago Bulls Keeper Backsack,https://i5.walmartimages.com/asr/f19b062c-d447-42df-8ad1-89a220ebe5c7_1.09d58e49d081bff15e6120fef661c112.jpeg,$5.00,"NBA Chicago Bulls ""Keeper"" Backsack",No rating available,NBA
,,,,,Chicago
,,,,,Bulls
,,,,,Keeper
,,,,,Backsack
,,,,,Keeper
For Bare Feet Golden State Warriors 4 Stripes Blue Unisex Socks,https://i5.walmartimages.com/asr/77c747ca-1534-45b4-b077-aaafac0c030b_1.bcc9080b6c657ab59a8e4195775b16fc.jpeg,$11.99,For Bare Feet Golden State Warriors 4 Stripes Blue Unisex Socks,No rating available,Bare
,,,,,Feet
,,,,,Golden
,,,,,State
,,,,,Warriors
,,,,,Stripes
,,,,,Blue
,,,,,Unisex
,,,,,Socks
Golden State Warriors Adidas Distressed Back Logo Men s Long Sleeve Blue T Shirt,https://i5.walmartimages.com/asr/1f3eee78-b715-41b5-9da7-4ea2caa7b2f7_1.699d64c5c94ce5ca45566ade3fcbd825.jpeg,$19.95,Golden State Warriors Adidas Distressed Back Logo Men's Long Sleeve Blue T,No rating available,Golden
,,,,,State
,,,,,Warriors
,,,,,Adidas
,,,,,Distressed
,,,,,Back
,,,,,Logo
,,,,,Men
,,,,,Long
,,,,,Sleeve
,,,,,Blue
,,,,,T
,,,,,Shirt
,,,,,Mens
NBA Golden State Warriors Big Men s Short Sleeve Basic Tee,https://i5.walmartimages.com/asr/a7d783d6-a091-42ea-abc0-253696f5f51a_1.f5d60b0622501aa3b6043e2685279134.jpeg,$16.88,NBA Golden State Warriors Big Men's Short Sleeve Basic Tee,No rating available,NBA
,,,,,Golden
,,,,,State
,,,,,Warriors
,,,,,Big
,,,,,Men
,,,,,Short
,,,,,Sleeve
,,,,,Basic
,,,,,Tee
,,,,,Mens
NBA 48 x 60 Photo Real Series Tapestry Throw Warriors,https://i5.walmartimages.com/asr/01434003-bc6f-41c3-931c-5bdae5fa83f5_1.9462e46a01f03a65aed025e5d58306e5.jpeg,$23.00,"NBA 48"" x 60"" Photo Real Series Tapestry Throw, Warriors",5 out of 5,NBA
,,,,,Photo
,,,,,Real
,,,,,Series
,,,,,Tapestry
,,,,,Throw
,,,,,Warriors
,,,,,Throw
12 x 15 Stat Plaque 2015 NBA Champions Golden State Warriors,https://i5.walmartimages.com/asr/e6c10cb0-cf10-4903-a0d4-d23ae8636c6e_1.fd9c5c547d06e1f88260eb58d53d3926.jpeg,$29.99,"12"" x 15"" Stat Plaque, 2015 NBA Champions Golden State Warriors",No rating available,Plaque
,,,,,NBA
,,,,,Champions
,,,,,Golden
,,,,,State
,,,,,Warriors
,,,,,Plaque
NBA San Antonio Spurs Big Men s Short Sleeve Basic Tee,https://i5.walmartimages.com/asr/363ac659-c77b-4e3d-a461-fbee50bb1613_1.5abe235903f4af7ce07f1db0aaddefc8.jpeg,$16.88,NBA San Antonio Spurs Big Men's Short Sleeve Basic Tee,No rating available,NBA
,,,,,San
,,,,,Antonio
,,,,,Spurs
,,,,,Big
,,,,,Men
,,,,,Short
,,,,,Sleeve
,,,,,Basic
,,,,,Tee
,,,,,Mens
San Antonio Spurs Adidas NBA Preferred Logo Men s Long Sleeve T Shirt,https://i5.walmartimages.com/asr/22b8300e-0dc3-4cd2-8f69-e4ffd2eeb84f_1.811db218d16574f9473804e5f2e7b864.jpeg,$23.95,"San Antonio Spurs Adidas NBA ""Preferred Logo"" Men's Long Sleeve T",No rating available,San
,,,,,Antonio
,,,,,Spurs
,,,,,Adidas
,,,,,NBA
,,,,,Logo
,,,,,Men
,,,,,Long
,,,,,Sleeve
,,,,,T
,,,,,Shirt
,,,,,Logo
,,,,,Mens
San Antonio Spurs Mitchell Ness NBA Paintbrush Cuffed Premium Pom Knit Hat,https://i5.walmartimages.com/asr/bd78b6a2-5cb7-43d0-82d5-0d7f1f5b4560_1.207bc33549e579d5cee2ff9bd46102b2.jpeg,$24.95,"San Antonio Spurs Mitchell & Ness NBA ""Paintbrush"" Cuffed Premium Pom Knit Hat",No rating available,San
,,,,,Antonio
,,,,,Spurs
,,,,,Mitchell
,,,,,Ness
,,,,,NBA
,,,,,Paintbrush
,,,,,Cuffed
,,,,,Premium
,,,,,Pom
,,,,,Knit
,,,,,Hat
,,,,,Paintbrush
Mitchell Ness San Antonio Spurs 2 Tone Paint Splatter Snapback White Pink,https://i5.walmartimages.com/asr/d585a40a-f4d5-4083-8af6-f7f226477c5d_1.7d109232ba19b3e339cda184242f6c58.jpeg,$28.00,Mitchell & Ness San Antonio Spurs 2,No rating available,Mitchell
,,,,,Ness
,,,,,San
,,,,,Antonio
,,,,,Spurs
,,,,,Tone
,,,,,Paint
,,,,,Splatter
,,,,,Snapback
,,,,,White
,,,,,Pink
Rico Industries RIC FGB91002 San Antonio Spurs NBA 3in x 5in Banner Flag,https://i5.walmartimages.com/asr/a77b46be-7265-4cb0-8101-d67830549df1_1.ad844e140ea67bb07f135a1fc4df435a.jpeg,$27.95,San Antonio Spurs NBA 3ft x 5ft Banner Flag,No rating available,San
,,,,,Industries
,,,,,Antonio
,,,,,Spurs
,,,,,NBA
,,,,,Banner
,,,,,Flag
Michael Jordan II Framed Photo Collage 11x14 by Legends Never Die,https://i5.walmartimages.com/asr/bd562df8-f247-402e-b4a9-b21fc7b048cd_1.28cfd1fe00cc2f9ef667a57c0a10e5e0.jpeg,$32.50,"Michael Jordan II Framed Photo Collage, 11x14, by Legends Never Die",No rating available,Michael
,,,,,Jordan
,,,,,Framed
,,,,,Photo
,,,,,Collage
,,,,,Legends
,,,,,Never
,,,,,Die
,,,,,Collage
Hot Stuff Enterprise Z137 24x36 NA Michael Jordan Collage Painting Poster 24 x 36,https://i5.walmartimages.com/asr/6941fe62-cc17-491d-84ef-2378adae56aa_1.c0942960582f9b4fecc3bba2db321f8e.jpeg,$9.30,Hot Stuff Enterprise Z137,No rating available,Hot
,,,,,Stuff
,,,,,Enterprise
,,,,,Michael
,,,,,Jordan
,,,,,Collage
,,,,,Painting
,,,,,Poster
Michael Jordan,https://i5.walmartimages.com/asr/416c56f1-4616-4be0-a964-922f8f817fdb_1.f0fefed7113a2f3c186ff66dcbfbc4fa.jpeg,$4.19,Michael Jordan,No rating available,Michael
,,,,,Jordan
NBA Hardwood Classics Michael Jordan Come Fly With Me,https://i5.walmartimages.com/asr/5e11a939-09ae-4054-a042-0c9e1cb779e2_1.424f72d43126f968a310525a6b187475.jpeg,$9.29,NBA Hardwood Classics: Michael Jordan,No rating available,NBA
,,,,,Hardwood
,,,,,Classics
,,,,,Michael
,,,,,Jordan
,,,,,Fly
,,,,,Me
,,,,,Classics
Michael Jordan Speaks Lessons World s Greatest Champion,https://i5.walmartimages.com/asr/9254759d-2dc6-4523-8e24-08827a47d99c_1.0712edc61ca1736b7cde11807dd4d429.jpeg,$18.62,Michael Jordan Speaks: Lessons from the World's Greatest Champion,No rating available,Michael
,,,,,Jordan
,,,,,Speaks
,,,,,Lessons
,,,,,World
,,,,,Greatest
,,,,,Champion
,,,,,Speaks
,,,,,Worlds
Stephen Curry Golden State Warriors Youth Gametime Name And Number T Shirt Royal,https://i5.walmartimages.com/asr/b8e3299e-74f3-4515-ac1b-5c654f368b62_1.7ce3e4928519ee1f38f1e0ba21da5c1e.jpeg,$21.95,Stephen Curry Golden State Warriors Youth Gametime Name And Number T,No rating available,Stephen
,,,,,Curry
,,,,,Golden
,,,,,State
,,,,,Warriors
,,,,,Youth
,,,,,Name
,,,,,T
,,,,,Shirt
,,,,,Royal
Trends Golden State Warriors S Curry 15,https://i5.walmartimages.com/asr/4e0b22e6-cc53-4ede-9ac4-4fa6c6363d68_1.102ef6d47c1a8c5c26ccf5716b8f9c3f.jpeg,$9.95,Stephen Curry Golden State Warriors NBA Basketball Sports Poster 22x34,No rating available,Trends
,,,,,Golden
,,,,,State
,,,,,Warriors
,,,,,Curry
,,,,,Stephen
,,,,,NBA
,,,,,Basketball
,,,,,Sports
,,,,,Poster
Stephen Curry Game 1 of the 2015 NBA Finals Sports Photo 8 x 10,https://i5.walmartimages.com/asr/5825ff2e-15d3-4410-a6a4-41f63b02cb17_1.7e50facff3ac4ac77002451ca05a00bd.jpeg,$10.45,Stephen Curry Game 1 of the 2015 NBA Finals Sports Photo (8 x 10),No rating available,Stephen
,,,,,Curry
,,,,,Game
,,,,,NBA
,,,,,Finals
,,,,,Sports
,,,,,Photo
Golden State Warriors Stephen Curry Print Signature 8 x24,https://i5.walmartimages.com/asr/655036b7-09bc-47e9-bb01-ba10edc0a78f_1.5c64715757c2b50809bd687dddbb1f24.jpeg,$23.09,Golden State Warriors Stephen Curry Print,No rating available,Golden
,,,,,State
,,,,,Warriors
,,,,,Stephen
,,,,,Curry
,,,,,Print
,,,,,Signature
Stephen Curry Golden State Warriors Adidas NBA Swingman Jersey Blue,https://i5.walmartimages.com/asr/051e7fd4-86b6-4687-9c49-0a4fe1aa4c66_1.0f69faeea8ae658cc335108fc0cbdd37.jpeg,$109.95,Stephen Curry Golden State Warriors Adidas NBA Swingman Jersey,No rating available,Stephen
,,,,,Curry
,,,,,Golden
,,,,,State
,,,,,Warriors
,,,,,Adidas
,,,,,NBA
,,,,,Swingman
,,,,,Jersey
,,,,,Blue
Los Angeles Lakers Kobe Bryant 15 Poster Print 22 x 34,https://i5.walmartimages.com/asr/88cce0be-ae1f-48ce-b77d-5496a29a837f_1.345ebdfd17bf207201f1151a07412f0e.jpeg,$9.50,Los Angeles Lakers,No rating available,Los
,,,,,Angeles
,,,,,Lakers
,,,,,Kobe
,,,,,Bryant
,,,,,Poster
,,,,,Print
Showboat The Life of Kobe Bryant,https://i5.walmartimages.com/asr/5fea18b0-841a-48f2-b27b-94da5f0fc4c6_1.7347ddd880db40a473af7e592d5d562f.jpeg,$25.09,Showboat: The Life of Kobe Bryant,No rating available,Showboat
,,,,,Life
,,,,,Kobe
,,,,,Bryant
,,,,,Showboat
C I Collectables NBA 8x10 Kobe Bryant Los Angeles Lakers Career Stat Plaque,https://i5.walmartimages.com/asr/8876a8a3-888a-410b-aca2-fba0debd87af_1.2dc672c56359a43656b955a92b6d90ef.jpeg,$14.57,C&I Collectables NBA 8x10 Kobe Bryant Los Angeles Lakers Career Stat Plaque,No rating available,Collectibles
,,,,,NBA
,,,,,Kobe
,,,,,Bryant
,,,,,Los
,,,,,Angeles
,,,,,Lakers
,,,,,Career
,,,,,Plaque
NBA 11x14 Deluxe Photo Frame Kobe Bryant Los Angeles Lakers,https://i5.walmartimages.com/asr/1ac88eae-5190-4c62-822f-2df378ccca41_1.208493b0fdfd4cfca720aef260a2c7c4.jpeg,$39.15,"NBA 11x14 Deluxe Photo Frame, Kobe Bryant Los Angeles Lakers",No rating available,NBA
,,,,,Deluxe
,,,,,Photo
,,,,,Frame
,,,,,Kobe
,,,,,Bryant
,,,,,Los
,,,,,Angeles
,,,,,Lakers
,,,,,Frame
SkootZ Wristband Lakers Kobe Bryant,https://i5.walmartimages.com/asr/98061261-428d-4182-8715-bd826ec590eb_1.c089522fbc2c0650c84a0bb6e09f9a02.jpeg,$4.70,"SkootZ Wristband, Lakers, Kobe Bryant",No rating available,SkootZ
,,,,,Wristband
,,,,,Lakers
,,,,,Kobe
,,,,,Bryant
,,,,,Wristband
,,,,,Lakers
NBA Series 23 Joakim Noah Chicago Bulls Action Figure Universal,https://i5.walmartimages.com/asr/79e5c819-1bca-4369-b99a-e4b0f3b36905_1.c67b4007b92a0d7d83a22a4ca09c537d.jpeg,$15.98,NBA Series 23 Joakim Noah Chicago Bulls Action Figure,No rating available,NBA
,,,,,Series
,,,,,Joakim
,,,,,Noah
,,,,,Chicago
,,,,,Bulls
,,,,,Action
,,,,,Figure
,,,,,Universal
SkootZ Wristband Bulls Joakim Noah,https://i5.walmartimages.com/asr/3cb649ea-49d7-4c6b-83f2-f0a408158cc9_1.44e905e5ce64c33401c4a72ab13ccbf8.jpeg,$7.25 - $9.95,"SkootZ Wristband, Bulls, Joakim Noah",No rating available,SkootZ
,,,,,Wristband
,,,,,Bulls
,,,,,Joakim
,,,,,Noah
,,,,,Wristband
,,,,,Bulls
NBA 12 x 15 in. Joakim Noah Chicago Bulls Player Plaque,https://i5.walmartimages.com/asr/8ee1226d-8ac7-4fcf-abba-1e248f41cef8_1.0f33824249d7d4a8c7d2371f1aa98b81.jpeg,$28.93,C&I Collectables NBA 12x15 Joakim Noah Chicago Bulls Player Plaque,No rating available,NBA
,,,,,Joakim
,,,,,Noah
,,,,,Chicago
,,,,,Bulls
,,,,,Player
,,,,,Plaque
,,,,,Collectables
Chicago Bulls Joakim Noah Adidas NBA Men Player T Shirt Red,https://i5.walmartimages.com/asr/615c5f5c-f477-41bf-96c2-bde4b6a526c3_1.45840610ad41902cfafba0b8abcb3d38.jpeg,$15.00,Chicago Bulls Joakim Noah Adidas NBA Men Player T Shirt Red,No rating available,Chicago
,,,,,Bulls
,,,,,Joakim
,,,,,Noah
,,,,,Adidas
,,,,,NBA
,,,,,Men
,,,,,Player
,,,,,T
,,,,,Shirt
,,,,,Red
Joakim Noah 2015 16 Action Photo Print 8 x 10,https://i5.walmartimages.com/asr/29d0ccca-be75-4b54-9cce-fbfd6df8345b_1.bc8c0b2694a247b2c33fd8c6a25aa0d2.jpeg,$17.95,Joakim Noah 2015,No rating available,Joakim
,,,,,Noah
,,,,,Action
,,,,,Photo
,,,,,Print
Tim Duncan Framed Photo Collage 11x14 by Legends Never Die,https://i5.walmartimages.com/asr/9ce4af7b-995a-4a77-bd36-86c59f593a7e_1.e8b72be34f797429e26bbe42d29f4f76.jpeg,$32.50,"Tim Duncan Framed Photo Collage, 11x14, by Legends Never Die",No rating available,Tim
,,,,,Duncan
,,,,,Framed
,,,,,Photo
,,,,,Collage
,,,,,Legends
,,,,,Never
,,,,,Die
,,,,,Collage
SkootZ Wristband Spurs Tim Duncan Shadow,https://i5.walmartimages.com/asr/2772752a-2234-4552-9444-4034aba5c3f4_1.2e3f61246e976f259439d26dfc62207b.jpeg,$3.89,"SkootZ Wristband, Spurs, Tim Duncan, Shadow",No rating available,SkootZ
,,,,,Wristband
,,,,,Spurs
,,,,,Tim
,,,,,Duncan
,,,,,Shadow
,,,,,Wristband
,,,,,Spurs
,,,,,Duncan
Tim Duncan,https://i5.walmartimages.com/asr/0df06fd8-de0e-4aca-aeca-2e70a7711bee_1.7a3016279eceb201f02cb0dbda7274f4.jpeg,$6.95,Tim Duncan,No rating available,Tim
,,,,,Duncan
DISCONTINUED PER VENDOR 12 15,https://i5.walmartimages.com/asr/6c3552e0-7157-4ae8-bc24-4a827828f1dc_1.c4897c4f4cb5cf18037aa946982981e5.jpeg,$9.74,Fathead Tim Duncan Teammate Player,No rating available,Fathead
,,,,,Tim
,,,,,Duncan
,,,,,Teammate
,,,,,Player
San Antonio Spurs Tim Duncan Adidas NBA Men Player T Shirt Black,https://i5.walmartimages.com/asr/0592b20d-c33a-4800-9dc4-a4c7a13fbfab_1.404cd8e64faa545fceedc3601e12085c.jpeg,$26.95 - $28.98,San Antonio Spurs Tim Duncan Adidas NBA Men Player T Shirt Black,No rating available,San
,,,,,Antonio
,,,,,Spurs
,,,,,Tim
,,,,,Duncan
,,,,,Adidas
,,,,,NBA
,,,,,Men
,,,,,Player
,,,,,T
,,,,,Shirt
,,,,,Black
Men s NFL New England Patriots Short Sleeve Tee,https://i5.walmartimages.com/asr/d488527a-a48d-475f-84ef-db231f286526_1.07ba1a3bcb961ad9c9171d8f1ac4f0a7.jpeg,$13.88,Men's NFL New England Patriots Short Sleeve Tee,4 out of 5,Men
,,,,,NFL
,,,,,New
,,,,,England
,,,,,Patriots
,,,,,Short
,,,,,Sleeve
,,,,,Tee
,,,,,Mens
NFL Fan FavoriteBasic Cap New England Patriots,https://i5.walmartimages.com/asr/181c3c0c-1a63-4c77-abbf-e0c10ef154cd_1.f85145e9e6a2fca7e88ae00cff104b92.jpeg,$9.47,NFL New England Patriots Basic Cap / Hat,4.7 out of 5,NFL
,,,,,Fan
,,,,,Cap
,,,,,New
,,,,,England
,,,,,Patriots
,,,,,Basic
,,,,,Hat
NFL New England Patriots Prestige 60 x 80 Raschel Throw,https://i5.walmartimages.com/asr/4a6c79cd-7313-4c86-ad49-586502646830_1.0b7309ede909d6d9539fe1c03fc017c6.jpeg,$24.88,"NFL New England Patriots ""Prestige"" 60"" x 80"" Raschel Throw",5 out of 5,NFL
,,,,,New
,,,,,England
,,,,,Patriots
,,,,,Raschel
,,,,,Throw
Decorative Bath Collection Official NFL Shower Curtain New England Patriots,https://i5.walmartimages.com/asr/11059b39-875e-4550-bb8d-0303c34a718f_1.3616e002b6a7acab8d3c39f10e5941de.jpeg,$19.88,NFL New England Patriots Decorative Bath Collection,5 out of 5,Decorative
,,,,,Bath
,,,,,Collection
,,,,,Official
,,,,,NFL
,,,,,Shower
,,,,,Curtain
,,,,,New
,,,,,England
,,,,,Patriots
Crock Pot NFL 6 Quart Slow Cooker New England Patriots,https://i5.walmartimages.com/asr/29d1e848-2049-450b-be9d-b0c9d5d66436_1.db2d0fd5bd028916fa1ff9c25639c90e.jpeg,$35.99,Crock,4.7 out of 5,Crock
,,,,,Pot
,,,,,NFL
,,,,,Quart
,,,,,Slow
,,,,,Cooker
,,,,,New
,,,,,England
,,,,,Patriots
NFL Seattle Seahawks Youth Hooded Fleece Top,https://i5.walmartimages.com/asr/f4137027-c3dc-4403-930e-9aa34707debd_1.30a6642458447b14136162b6db1c4c0a.jpeg,$29.88,NFL Seattle Seahawks Youth Hooded Fleece Top,No rating available,NFL
,,,,,Seattle
,,,,,Seahawks
,,,,,Youth
,,,,,Hooded
,,,,,Fleece
,,,,,Top
NFL Seattle Seahawks Drawback 55 x 70 Silk Touch Throw,https://i5.walmartimages.com/asr/760e4fb0-003e-45db-a78e-506b40d65622_1.4bf0c7ae8fdd5c7c73d17259d0f67cb2.jpeg,$19.94,"NFL Seattle Seahawks ""Drawback"" 55"" x 70"" Silk Touch Throw",No rating available,NFL
,,,,,Seattle
,,,,,Seahawks
,,,,,Drawback
,,,,,Silk
,,,,,Touch
,,,,,Throw
,,,,,Drawback
Seattle Seahawks Youth NFL Ultimate Cuffed Knit Hat w Pom,https://i5.walmartimages.com/asr/ad5d4607-aeb6-4ce6-a686-553f12d56ba3_1.31e4fe0b3e8d8c1b0049db63b6220a6c.jpeg,$18.95,"Seattle Seahawks Youth NFL ""Ultimate"" Cuffed Knit Hat w/ Pom",No rating available,Seattle
,,,,,Seahawks
,,,,,Youth
,,,,,NFL
,,,,,Ultimate
,,,,,Cuffed
,,,,,Knit
,,,,,Hat
,,,,,Pom
,,,,,Ultimate
NFL Fan FavoriteBasic Cap Seattle Seahawks,https://i5.walmartimages.com/asr/b6555990-6e4a-40a9-95bb-7d3b69b947fc_1.d4aa07b1eeb2c6d015b051aab5efbd27.jpeg,$9.47,NFL Seattle Seahawks Basic Cap / Hat,4.8 out of 5,NFL
,,,,,Fan
,,,,,Cap
,,,,,Seattle
,,,,,Seahawks
,,,,,Basic
,,,,,Hat
Men s NFL Seattle Seahawks Short Sleeve Tee,https://i5.walmartimages.com/asr/6c542c43-0ce6-4698-8c64-2bfc67be5969_1.f4b3aa1fd0e265c74dce35fa94b9f45d.jpeg,$13.88,Men's NFL Seattle Seahawks Short Sleeve Tee,5 out of 5,Men
,,,,,NFL
,,,,,Seattle
,,,,,Seahawks
,,,,,Short
,,,,,Sleeve
,,,,,Tee
,,,,,Mens
NFL Carolina Panthers 46 x 60 Micro Raschel Throw,https://i5.walmartimages.com/asr/8931bbf6-04ff-43cc-9384-1ff6923a5050_1.e42379eabab092912b61b0c2eed6d641.jpeg,$16.07,"NFL Carolina Panthers 46"" x 60"" Micro Raschel Throw",No rating available,NFL
,,,,,Carolina
,,,,,Panthers
,,,,,Micro
,,,,,Raschel
,,,,,Throw
NFL Carolina Panthers Youth Hooded Fleece Top,https://i5.walmartimages.com/asr/ccd91f41-18a8-44ab-963a-1a6b7f95cbad_1.4b4e186efb932ed8846cd3bb63c810f1.jpeg,$29.88,NFL Carolina Panthers Youth Hooded Fleece Top,No rating available,NFL
,,,,,Carolina
,,,,,Panthers
,,,,,Youth
,,,,,Hooded
,,,,,Fleece
,,,,,Top
NFL Fan FavoriteBasic Cap Carolina Panthers,https://i5.walmartimages.com/asr/6d593d04-aa72-45ec-8f5c-af8d5523a3b2_1.8f7627307a61cf520773a1dd439817e5.jpeg,$9.47,NFL Carolina Panthers Basic Cap / Hat by Fan Favorite,4.8 out of 5,NFL
,,,,,Fan
,,,,,Cap
,,,,,Carolina
,,,,,Panthers
,,,,,Basic
,,,,,Hat
,,,,,Favorite
NFL Carolina Panthers Toddler Short Sleeve Fashion Top,https://i5.walmartimages.com/asr/23d8bdeb-687a-46fc-b934-e22ead4f3e71_1.ca8510ddf0778a6f3ca05a8b302dbffa.jpeg,$11.73,NFL Carolina Panthers Toddler Short Sleeve Fashion Top,No rating available,NFL
,,,,,Carolina
,,,,,Panthers
,,,,,Toddler
,,,,,Short
,,,,,Sleeve
,,,,,Fashion
,,,,,Top
Carolina Panthers Souvenir Cup,https://i5.walmartimages.com/asr/5b3f145d-ee8a-4764-a7f7-a378e3dc2186_1.574cf9f681f859f2e5a7121064af4ce5.jpeg,$4.00,Carolina Panthers Souvenir Cup,3.3 out of 5,Carolina
,,,,,Panthers
,,,,,Souvenir
,,,,,Cup
NFL Dallas Cowboys Men s Emitter Long Sleeve Tee,https://i5.walmartimages.com/asr/bba4ca3e-f60f-4600-8237-d3e07eb0d903_1.2559cc8dd2095ddec30c840f000605e0.jpeg,$19.96,NFL Dallas Cowboys Men's Emitter Long Sleeve Tee,No rating available,NFL
,,,,,Dallas
,,,,,Cowboys
,,,,,Men
,,,,,Emitter
,,,,,Long
,,,,,Sleeve
,,,,,Tee
,,,,,Mens
NFL Dallas Cowboys Sheild Performance Flex Fit Cap,https://i5.walmartimages.com/asr/d47264b7-338c-4272-9f89-9d84c4e39051_1.56e08aff123e6eec5383002e923fc077.jpeg,$14.97,NFL Dallas Cowboys Sheild Performance Flex Fit Cap,No rating available,NFL
,,,,,Dallas
,,,,,Cowboys
,,,,,Sheild
,,,,,Performance
,,,,,Flex
,,,,,Fit
,,,,,Cap
NFL Dallas Cowboys Aviator Sunglasses,https://i5.walmartimages.com/asr/30acc149-e0e9-4ebe-8028-389c7372647f_1.f9e008feba8b7569fb4a1ba02d8a996a.jpeg,$8.75,NFL Dallas Cowboys Aviator Sunglasses,4.5 out of 5,NFL
,,,,,Dallas
,,,,,Cowboys
,,,,,Aviator
,,,,,Sunglasses
Dallas Cowboys Decorative Bath Collection Bath Towel,https://i5.walmartimages.com/asr/35d6c581-4eb1-449b-8959-c6d43aea1310_2.18204c24a5fc4d5ef4fe08549b335cbb.jpeg,$15.38,NFL Dallas Cowboys Decorative Bath Collection Bath Towel,3.9 out of 5,Dallas
,,,,,Cowboys
,,,,,Decorative
,,,,,Bath
,,,,,Collection
,,,,,Bath
,,,,,Towel
,,,,,NFL
NFL Dallas Cowboys Stainless Steel Tumbler,https://i5.walmartimages.com/asr/d3efa8ec-92f1-4736-ad09-c471f79cd969_1.30434529664ff8e555d3c01745ef7710.jpeg,$21.20,NFL Dallas Cowboys Stainless Steel Tumbler,3.3 out of 5,NFL
,,,,,Dallas
,,,,,Cowboys
,,,,,Stainless
,,,,,Steel
,,,,,Tumbler
NFL Denver Broncos Youth Long Sleeve Cotton Tee,https://i5.walmartimages.com/asr/f028de1f-de31-4b12-ba12-0f93e8913408_1.7a87e6e19c40bd836e90a9b7e7c7d739.jpeg,$17.67,NFL Denver Broncos Youth Long Sleeve Cotton Tee,No rating available,NFL
,,,,,Denver
,,,,,Broncos
,,,,,Youth
,,,,,Long
,,,,,Sleeve
,,,,,Cotton
,,,,,Tee
NFL Denver Broncos Drawback 55 x 70 Silk Touch Throw,https://i5.walmartimages.com/asr/4ccc1b3f-d0c9-4ae2-9fa4-83ce0c6bda38_1.db1c487120aa2eb84f89bc56eed36e9f.jpeg,$19.94,"NFL Denver Broncos ""Drawback"" 55"" x 70"" Silk Touch Throw",5 out of 5,NFL
,,,,,Denver
,,,,,Broncos
,,,,,Drawback
,,,,,Silk
,,,,,Touch
,,,,,Throw
,,,,,Drawback
NFL Denver Broncos Youth Hooded Fleece Top,https://i5.walmartimages.com/asr/8bf66b90-fe98-4dd1-9bca-539e32b10a48_1.0257a89946ccb263d587e247f80bdf16.jpeg,$29.88,NFL Denver Broncos Youth Hooded Fleece Top,No rating available,NFL
,,,,,Denver
,,,,,Broncos
,,,,,Youth
,,,,,Hooded
,,,,,Fleece
,,,,,Top
NFL Denver Broncos Mass Blackball Cap Fan Favorite,https://i5.walmartimages.com/asr/4f6d1e61-92c3-4547-aace-5f00c6499c8e_1.825946f7faa4e5176ed698f0f61a5759.jpeg,$14.97,NFL Denver Broncos Blackball Cap / Hat by Fan Favorite,No rating available,NFL
,,,,,Denver
,,,,,Broncos
,,,,,Mass
,,,,,Blackball
,,,,,Cap
,,,,,Fan
,,,,,Favorite
,,,,,Hat
Denver Broncos Majestic NFL Critical Victory 2 Men s Long Sleeve Navy T Shirt,https://i5.walmartimages.com/asr/152db63c-94bb-4955-bc89-4dff51f7d78b_1.fb7ce38a7896085a1cd08d4aaea5cdc5.jpeg,$24.95,Denver Broncos Majestic NFL Critical Victory 2 Men's Long Sleeve Navy T,No rating available,Denver
,,,,,Broncos
,,,,,Majestic
,,,,,NFL
,,,,,Critical
,,,,,Victory
,,,,,Men
,,,,,Long
,,,,,Sleeve
,,,,,Navy
,,,,,T
,,,,,Shirt
,,,,,Mens
C I Collectables NFL 12x15 Tom Brady New England Patriots Super Bowl XLIX MVP Plaque,https://i5.walmartimages.com/asr/155aa6df-e2b8-40f1-bdeb-99629fbb2e0b_1.38621b632102d8de286e46db4ddf720c.jpeg,$25.00,C&I Collectables NFL 12x15 Tom Brady New England Patriots Super Bowl XLIX MVP Plaque,No rating available,Collectibles
,,,,,NFL
,,,,,Tom
,,,,,Brady
,,,,,New
,,,,,England
,,,,,Patriots
,,,,,Super
,,,,,Bowl
,,,,,Plaque
NFL 48 x 60 Players Series Tapestry Throw Tom Brady,https://i5.walmartimages.com/asr/3a6583af-3ea7-4b3b-91c0-88e6e1fb127b_1.68df6f10e7e6cc5bd94d3e728f0156fd.jpeg,$23.00,"NFL 48"" x 60"" Players Series Tapestry Throw, Tom Brady",4 out of 5,NFL
,,,,,Players
,,,,,Series
,,,,,Tapestry
,,,,,Throw
,,,,,Tom
,,,,,Brady
,,,,,Throw
NFL Tom Brady Photo Plaque 9x12,https://i5.walmartimages.com/asr/cc11324a-be6c-4133-bf8c-7645eba94aec_1.40e9ad377f211c5ed18194fdd9d42af0.jpeg,$14.96,"NFL Tom Brady Photo Plaque, 9x12",No rating available,NFL
,,,,,Tom
,,,,,Brady
,,,,,Photo
,,,,,Plaque
,,,,,Plaque
NFL New England Patriots Tom Brady SB Champs 10 Plush Figure,https://i5.walmartimages.com/asr/68b75335-5ea7-4d9c-a206-ab94a2c5299b_1.a60543205d15bd3d858e34596591a524.jpeg,$21.80,"NFL New England Patriots Tom Brady SB Champs 10"" Plush Figure",No rating available,NFL
,,,,,New
,,,,,England
,,,,,Patriots
,,,,,Tom
,,,,,Brady
,,,,,Champs
,,,,,Plush
,,,,,Figure
NFLPA All American Tom Brady 12 Backpack,https://i5.walmartimages.com/asr/682453f9-1dfd-4518-9445-9f07bc160a03_1.ac02e6ba01e6753f405cc91395cc28f4.jpeg,$14.97,NFLPA All American Tom Brady #12 Backpack,No rating available,NFLPA
,,,,,All
,,,,,American
,,,,,Tom
,,,,,Brady
,,,,,Backpack
NFLPA Photo Play Cam Newton 1 Backpack,https://i5.walmartimages.com/asr/d8a692fb-734c-43f2-9a75-985e47c874b5_1.df7d92ad8e6aeceb3b5c5202ae77585b.jpeg,$14.97,NFLPA Photo Play Cam Newton #1 Backpack,No rating available,NFLPA
,,,,,Photo
,,,,,Play
,,,,,Cam
,,,,,Newton
,,,,,Backpack
Cam Newton Carolina Panthers Majestic NFL Hashmark Jersey Shirt,https://i5.walmartimages.com/asr/0b829da2-f65f-4df3-9177-d6b98b31d7ff_1.1d1aa706efaba6c836595091d9890ed1.jpeg,$54.95,"Cam Newton Carolina Panthers Majestic NFL ""Hashmark"" Jersey Shirt",No rating available,Cam
,,,,,Newton
,,,,,Carolina
,,,,,Panthers
,,,,,Majestic
,,,,,NFL
,,,,,Hashmark
,,,,,Jersey
,,,,,Shirt
,,,,,Hashmark
NFLPA Cam Newton 1 Sling Bag,https://i5.walmartimages.com/asr/a7f30569-9dde-4551-8ed0-037feff474b7_1.d6732b46575f27f496c1e76a68bc31c7.jpeg,$11.97,NFLPA Cam Newton #1 Sling Bag,No rating available,NFLPA
,,,,,Cam
,,,,,Newton
,,,,,Sling
,,,,,Bag
MasterPieces Cam Newton Carolina 100 Piece Puzzle,https://i5.walmartimages.com/asr/76aa6032-f015-44ff-a53b-f678307fcbf5_1.89a55204f7931484c90996d4fa529ecd.jpeg,$7.87,MasterPieces Cam Newton Carolina 100,No rating available,MasterPieces
,,,,,Cam
,,,,,Newton
,,,,,Carolina
,,,,,Piece
,,,,,Puzzle
Carolina Panthers C Newton 13 Poster Print 22 x 34,https://i5.walmartimages.com/asr/2befd349-e16f-4b83-848c-1d2dd8a0b66d_1.bce5e9a6fd64173e50a70389840f2fff.jpeg,$9.50,Carolina Panthers,5 out of 5,Carolina
,,,,,Panthers
,,,,,Newton
,,,,,Poster
,,,,,Print
NFL Players Association Russell Wilson 50 x 60 Seattle Seahawks Players High Definition Silk Touch Throw,https://i5.walmartimages.com/asr/9796816a-8173-45c9-8af9-0d576b6b6818_1.e036777714bf3fee1b8e57531f623e87.jpeg,$24.99,"NFL Players Association Russell Wilson 50"" x 60"" Seattle Seahawks Players High Definition Silk Touch Throw",No rating available,NFL
,,,,,Players
,,,,,Association
,,,,,Russell
,,,,,Wilson
,,,,,Seattle
,,,,,Seahawks
,,,,,Players
,,,,,High
,,,,,Definition
,,,,,Silk
,,,,,Touch
,,,,,Throw
35986282,https://i5.walmartimages.com/asr/a71862ba-72cf-4b5d-9e0b-36e28f4b0e2d_1.18fde02c3b0d26840150bc2fcccf89fe.jpeg,$7.95,Russell Wilson,No rating available,Russell
,,,,,Wilson
Seattle Seahawks Russell Wilson 2017 Calendar,https://i5.walmartimages.com/asr/2dea7e3b-84bf-4025-9319-045934765611_1.56845bd7f807aba1e08a7004932bd3a5.jpeg,$16.99,Seattle Seahawks Russell Wilson 2017 Calendar,No rating available,Seattle
,,,,,Seahawks
,,,,,Russell
,,,,,Wilson
,,,,,Calendar
Seattle Seahawks Official NFL 11 inch x 17 inch Russell Wilson Beveled Wood Sign by Wincraft,https://i5.walmartimages.com/asr/fece7b3f-d1f7-4f29-b003-6c5e4666bfd6_1.97c9b8fe0580cec9034b03954402aca6.jpeg,$24.99,Seattle Seahawks Official NFL 11 inch x 17 inch Russell Wilson Beveled Wood Sign by Wincraft,No rating available,Seattle
,,,,,Seahawks
,,,,,Official
,,,,,NFL
,,,,,Russell
,,,,,Wilson
,,,,,Beveled
,,,,,Wood
,,,,,Sign
,,,,,Wincraft
Majestic Mens Russell Wilson Seattle Seahawks Receiver T Big and Tall Sizing,https://i5.walmartimages.com/asr/c84a95d4-37a5-46ec-b094-d9da996d38b6_1.362ecc4f2a387e643ec84195d01c9202.jpeg,$38.95,"Majestic Mens Russell Wilson Seattle Seahawks Receiver T, Big and Tall Sizing",No rating available,Majestic
,,,,,Mens
,,,,,Russell
,,,,,Wilson
,,,,,Seattle
,,,,,Seahawks
,,,,,Receiver
,,,,,T
,,,,,Big
,,,,,Tall
,,,,,T
Dak Prescott UnAuto Custom White Pro Style Football Jersey Size X Large,https://i5.walmartimages.com/asr/515dba23-5fb0-488d-889f-297b5885e0ca_1.11c39a3029e4c283fd7046fc07148ff0.jpeg,$69.00,Dak Prescott UnAuto Custom White Pro Style Football Jersey Size X,No rating available,Dak
,,,,,Prescott
,,,,,Custom
,,,,,White
,,,,,Pro
,,,,,Style
,,,,,Football
,,,,,Jersey
,,,,,Large
Dak Prescott 2016 Action Photo Print 8 x 10,https://i5.walmartimages.com/asr/987a9fea-df25-418a-b9ad-c30b4c48bf0f_1.b6f10f49dea45792a64c07b8b785720d.jpeg,$9.50,Dak Prescott 2016 Action Photo Print (8 x 10),No rating available,Dak
,,,,,Prescott
,,,,,Action
,,,,,Photo
,,,,,Print
Dak Prescott Ticket Bronze Coin Acrylic Desk Top,https://i5.walmartimages.com/asr/592bf7cb-0c4e-4826-bc8b-034dfae6a4c8_1.c84b111d4c23827b768728cfa57306e9.jpeg,$39.99,Dak Prescott Ticket & Bronze Coin Acrylic Desk Top,No rating available,Dak
,,,,,Prescott
,,,,,Bronze
,,,,,Coin
,,,,,Acrylic
,,,,,Desk
,,,,,Top
Dak Prescott 2016 Action Photo Print 8 x 10,https://i5.walmartimages.com/asr/6f74b2c8-fbdb-4bce-ba43-17e710ab261d_1.d37339d27b8178270279276ec2bbbc91.jpeg,$9.50,Dak Prescott 2016 Action Photo Print (8 x 10),No rating available,Dak
,,,,,Prescott
,,,,,Action
,,,,,Photo
,,,,,Print
Dak Prescott 2016 Action Photo Print 8 x 10,https://i5.walmartimages.com/asr/0727fd75-5eb7-49e4-af1b-1f55c0c5735e_1.c1260d1342a127de3862c5cbc73fef61.jpeg,$9.50,Dak Prescott 2016 Action Photo Print (8 x 10),No rating available,Dak
,,,,,Prescott
,,,,,Action
,,,,,Photo
,,,,,Print
NFL Denver Broncos Peyton Manning Alternate Jersey 10 Plush Figure,https://i5.walmartimages.com/asr/782b56b7-8406-4c39-98d6-42befdfb0895_1.6c4c991b549d7283905144c3a57ae074.jpeg,$17.99,"NFL Denver Broncos Peyton Manning Alternate Jersey 10"" Plush Figure",No rating available,NFL
,,,,,Denver
,,,,,Broncos
,,,,,Peyton
,,,,,Manning
,,,,,Jersey
,,,,,Plush
,,,,,Figure
DISCONTINUED PER VENDOR 12 15,https://i5.walmartimages.com/asr/7aa97f4c-fa93-4542-a64a-9ab90899989a_1.b2836dd24f15be4d10ee003ca6ddc4bf.jpeg,$13.99,Fathead NFL Peyton Manning 2015 Home,No rating available,Fathead
,,,,,NFL
,,,,,Peyton
,,,,,Manning
,,,,,Home
Peyton Manning Denver Broncos Majestic NFL Career Achievements Men s T Shirt,https://i5.walmartimages.com/asr/01426b75-491d-49fa-9bf8-8883aa30ea36_1.f31374e0b066d3135c8b4e98941a965d.jpeg,$24.95,"Peyton Manning Denver Broncos Majestic NFL ""Career Achievements"" Men's T",No rating available,Peyton
,,,,,Manning
,,,,,Denver
,,,,,Broncos
,,,,,Majestic
,,,,,NFL
,,,,,Career
,,,,,Achievements
,,,,,Men
,,,,,T
,,,,,Shirt
,,,,,Career
,,,,,Achievements
,,,,,Mens
Peyton Manning 2013 Action Sports Photo 8 x 10,https://i5.walmartimages.com/asr/626d4d7e-4272-4856-a0ce-3a4d524990ac_1.0f561d80b080798dc1376701e64cd4b6.jpeg,$16.15,Peyton Manning 2013 Action Sports Photo (8 x 10),No rating available,Peyton
,,,,,Manning
,,,,,Action
,,,,,Sports
,,,,,Photo
Peyton Manning,https://i5.walmartimages.com/asr/eba75359-d065-4d26-ac10-20f9e6665b80_1.067f3a7a4a31c967e2ed59e89b43bbbf.jpeg,$27.07,Peyton Manning,No rating available,Peyton
,,,,,Manning
Manchester United Official SOCCER 11 x15 Garden Flag,https://i5.walmartimages.com/asr/3b8bc00d-6689-44fb-b985-04f936548b1c_1.fca9a32f96cb525dc0f34fab1e959d26.jpeg,$10.58,Manchester United Official PREMIER LEAGUE 11 inch x 15 inch Garden Flag by Wincraft,No rating available,Manchester
,,,,,United
,,,,,Official
,,,,,SOCCER
,,,,,Garden
,,,,,Flag
,,,,,PREMIER
,,,,,LEAGUE
,,,,,Wincraft
Manchester United Official SOCCER 2 inch Key Chain Keychain by Wincraft,https://i5.walmartimages.com/asr/1810ee0d-6811-437c-b918-718f4f688dba_1.8d94687d7316431c1877dcf032e96a4a.jpeg,$8.47,Manchester United Official PREMIER LEAGUE 2 inch Key Chain Keychain by Wincraft,5 out of 5,Manchester
,,,,,United
,,,,,Official
,,,,,SOCCER
,,,,,Key
,,,,,Chain
,,,,,Keychain
,,,,,Wincraft
,,,,,PREMIER
,,,,,LEAGUE
Manchester United,https://i5.walmartimages.com/asr/530c37d2-4b52-4c5b-9206-ee752786cdc6_1.c04d4c977287d854147e22ad7d83fb1b.jpeg,$37.72,Manchester United,No rating available,Manchester
,,,,,United
Leading Learning from Life and My Years at Manchester United,https://i5.walmartimages.com/asr/206482a5-18da-4adb-bbf8-2d792adf3004_1.ff6036f8c7701c3580187e70767dbf33.jpeg,$16.00,Leading: Learning from Life and My Years at Manchester United,No rating available,Leading
,,,,,Learning
,,,,,Life
,,,,,My
,,,,,Years
,,,,,Manchester
,,,,,United
,,,,,Leading
Manchester United Futbol Soccer Hat Red White,https://i5.walmartimages.com/asr/2e6adba6-c4ce-4c38-a3df-65cab913a781_1.ed0e84153cc355525cd7dbc71669a005.jpeg,$13.95,Manchester United Futbol Soccer Hat,No rating available,Manchester
,,,,,United
,,,,,Soccer
,,,,,Hat
,,,,,Red
,,,,,White
Arsenal Greatest Goals,https://i5.walmartimages.com/asr/2eb46102-1299-4a41-881a-6b4c32b72423_1.2b29f3fb11770cbb56ddd15e82fc5667.jpeg,$13.90,Arsenal the Greatest Goals,No rating available,Arsenal
,,,,,Greatest
,,,,,Goals
Arsenal Soccer Shoes Zipper Bag Red,https://i5.walmartimages.com/asr/5f52e536-d69b-429d-b8ab-9d6c6a626964_1.6124640a8b820d66fb4ad7a9c42caa2c.jpeg,$10.95,Arsenal Soccer Shoes Zipper Bag,No rating available,Arsenal
,,,,,Soccer
,,,,,Shoes
,,,,,Zipper
,,,,,Bag
,,,,,Red
Puma Arsenal Crest T Shirt Soccer Fan Tee Mens,https://i5.walmartimages.com/asr/fbb1ce16-e7f1-4afe-a93a-d51af5eecf88_1.304338f1cc365d9d35a84640b0fd7b28.jpeg,$30.00,Puma Arsenal Crest T,No rating available,Puma
,,,,,Arsenal
,,,,,Crest
,,,,,T
,,,,,Shirt
,,,,,Soccer
,,,,,Fan
,,,,,Tee
,,,,,Mens
Arsenal The Gunners Futbol Soccer Socks 4 Pairs,https://i5.walmartimages.com/asr/c44045be-892a-4a5a-b977-abcbc77251cb_1.3e217140afc38b60b290a09b59ea8e4a.jpeg,$9.95,Arsenal The Gunners Futbol Soccer Socks 4 Pairs,No rating available,Arsenal
,,,,,Gunners
,,,,,Soccer
,,,,,Socks
,,,,,Pairs
Rebels For The Cause The Alternative History Of Arsenal Football Club,https://i5.walmartimages.com/asr/74384d84-01c2-40cf-847d-c91608afdac7_1.43e8fcb1a9fd35e104059b729a72cad5.jpeg,$12.23,Rebels For The Cause: The Alternative History Of Arsenal Football Club,No rating available,Rebels
,,,,,History
,,,,,Arsenal
,,,,,Football
,,,,,Club
Barcelona Vintage Soccer Crest T shirt,https://i5.walmartimages.com/asr/b93149d5-26bd-4fbb-a792-ccfc775dd795_1.3998ee3bb9ca3f1dfb64a6cff20d2c56.jpeg,$28.00 - $30.00,Barcelona Vintage Soccer Crest T,No rating available,Barcelona
,,,,,Vintage
,,,,,Soccer
,,,,,Crest
,,,,,T
,,,,,shirt
Barcelona True Champions Drapery Panels,https://i5.walmartimages.com/asr/f469db68-90c5-424c-bf78-3dac98ef0ab3_1.3810b7428d8a2e8856549f7fad53f43a.jpeg,$28.33,Barcelona 'True Champions' Drapery Panels,5 out of 5,Barcelona
,,,,,Champions
,,,,,Drapery
,,,,,Panels
,,,,,Champions
FC Barcelona Authentic Official Licensed Soccer Drawstring Cinch Bag 04,https://i5.walmartimages.com/asr/6a538e7a-8fe3-4eb3-a05a-8bd820336945_1.85bb1289bd0003736b069b1ab97d3ff8.jpeg,$19.49,FC Barcelona Authentic Official Licensed Soccer Drawstring Cinch Bag 04,No rating available,FC
,,,,,Barcelona
,,,,,Authentic
,,,,,Official
,,,,,Licensed
,,,,,Soccer
,,,,,Drawstring
,,,,,Bag
Trends Fc Barcelona Logo 14,https://i5.walmartimages.com/asr/a0d40863-6ab5-4bf6-938f-d283ba4f4a67_1.e01d199bb01cd7e0d97165725ed6fd40.jpeg,$7.83,FC Barcelona Club Logo Soccer Sports Poster 34x22,No rating available,Trends
,,,,,Fc
,,,,,Barcelona
,,,,,Logo
,,,,,FC
,,,,,Club
,,,,,Soccer
,,,,,Sports
,,,,,Poster
FCB Barcelona Premier Futbol Soccer Hat Cap Blue Red Rimmed,https://i5.walmartimages.com/asr/da2d6ab0-d4e9-46b6-8ed2-5c2e1401f5ff_1.7f9b5bd7003b2551c1bcc559dcc6254a.jpeg,$16.99,FCB Barcelona Premier Futbol Soccer Hat Cap,No rating available,FCB
,,,,,Barcelona
,,,,,Premier
,,,,,Soccer
,,,,,Hat
,,,,,Cap
,,,,,Blue
,,,,,Red
Real Madrid Soccer Futbol Adidas Authentic S386 Jacquard Team Scarf,https://i5.walmartimages.com/asr/37f0e2ca-1643-4345-96b3-05f3fa4cebf1_1.f0c8157e529d181a16b9e6e78e8145c1.jpeg,$14.95,Real Madrid Soccer Futbol Adidas Authentic S386 Jacquard Team Scarf,No rating available,Real
,,,,,Madrid
,,,,,Soccer
,,,,,Adidas
,,,,,Authentic
,,,,,Jacquard
,,,,,Team
,,,,,Scarf
Real Madrid FC Adidas Team Crest Men s S S Performance T Shirt Blue,https://i5.walmartimages.com/asr/b91acd80-d8fa-4795-bf81-bb6530186b8f_1.ac41aedda9b61c117720434eecf2faf4.jpeg,$29.95,"Real Madrid FC Adidas ""Team Crest"" Men's S/S Performance T",No rating available,Real
,,,,,Madrid
,,,,,FC
,,,,,Adidas
,,,,,Team
,,,,,Crest
,,,,,Men
,,,,,Performance
,,,,,T
,,,,,Shirt
,,,,,Blue
,,,,,Team
,,,,,Crest
,,,,,Mens
Real Madrid,https://i5.walmartimages.com/asr/e0adb846-7c33-4a18-97ea-2c00e58f4a91_1.b0e25ed642f6ba305cce2871738532f5.jpeg,$10.15,Real Madrid,No rating available,Real
,,,,,Madrid
Adidas Real Madrid 3 Stripes Cap AA1046,https://i5.walmartimages.com/asr/571b4319-87a0-4ec2-bb03-1d93798e7f3f_1.19a036e15187fff2e0aebd9d8a8eb478.jpeg,$33.00,Adidas Real Madrid 3,No rating available,Adidas
,,,,,Real
,,,,,Madrid
,,,,,Stripes
,,,,,Cap
Trends Real Madrid Group 15,https://i5.walmartimages.com/asr/65e5a675-4470-4e3e-a49f-a95d14a308e3_1.528fdb9caecf6efd3a90666c645e101e.jpeg,$8.31,Real Madrid Team Group Soccer Sports Poster 22x34,No rating available,Trends
,,,,,Real
,,,,,Madrid
,,,,,Group
,,,,,Team
,,,,,Soccer
,,,,,Sports
,,,,,Poster
Chelsea FC Collage Players Soccer Sports Poster 24x36,https://i5.walmartimages.com/asr/d4f02304-2919-41a7-8999-f1ac87ab09eb_1.95b01c300451c40fb4b6e039c8092d5e.jpeg,$5.99,Chelsea FC Collage Players Soccer Sports Poster 24x36,No rating available,Chelsea
,,,,,FC
,,,,,Collage
,,,,,Players
,,,,,Soccer
,,,,,Sports
,,,,,Poster
Soccer UK CFC SL Chelsea Football Club Cufflinks,https://i5.walmartimages.com/asr/961c2514-1660-4788-8867-57ad93d7c465_1.ec3d41cf8366ef0a82220eef3340b241.jpeg,$38.04,Soccer UK,No rating available,Soccer
,,,,,Chelsea
,,,,,Football
,,,,,Club
,,,,,Cufflinks
Chelsea FC Soccer Club 27 x 37 Vertical Flag,https://i5.walmartimages.com/asr/a960329e-2f08-4665-a761-b8adeb55f4f1_1.ee8e06b553c65190edc8efe9fda08de7.jpeg,$24.99,"Chelsea FC Soccer Club 27"" x 37"" Vertical Flag",No rating available,Chelsea
,,,,,FC
,,,,,Soccer
,,,,,Club
,,,,,Flag
Chelsea FC Official Soccer Key Ring by Wincraft 25909,https://i5.walmartimages.com/asr/d8b5df25-e302-4bcf-ade0-a3850916492a_1.abf71b95b55d93c22acca9884c22769a.jpeg,$4.45,Chelsea FC Spinner Keychain (WC),No rating available,Chelsea
,,,,,FC
,,,,,Official
,,,,,Soccer
,,,,,Key
,,,,,Ring
,,,,,Wincraft
,,,,,Spinner
,,,,,Keychain
Chelsea Football Club Adidas Team Crest Men s S S Performance T Shirt Blue,https://i5.walmartimages.com/asr/de0ee655-d246-4881-9a95-8bd74b4627ce_1.099f59424cba00f2a805ceea43da351d.jpeg,$29.95,"Chelsea Football Club Adidas ""Team Crest"" Men's S/S Performance T",No rating available,Chelsea
,,,,,Football
,,,,,Club
,,,,,Adidas
,,,,,Team
,,,,,Crest
,,,,,Men
,,,,,Performance
,,,,,T
,,,,,Shirt
,,,,,Blue
,,,,,Team
,,,,,Crest
,,,,,Mens
Wayne Rooney Boots of Gold,https://i5.walmartimages.com/asr/0db6c0d8-caf5-4683-9405-5a3808c91287_1.107b13ff09d8c2fc2712d366b6bdb21b.jpeg,$15.95,Wayne Rooney: Boots of Gold,No rating available,Wayne
,,,,,Rooney
,,,,,Boots
,,,,,Gold
,,,,,Rooney
Wayne Rooney My Story,https://i5.walmartimages.com/asr/e84cd617-4cc7-421b-be7b-3e635bfe1365_1.5bb7ca55a362eadac983cb02a0be8e62.jpeg,$11.95,Wayne Rooney: My Story,No rating available,Wayne
,,,,,Rooney
,,,,,My
,,,,,Story
,,,,,Rooney
Manchester United Wayne Rooney Soccer Sports Poster 24x36,https://i5.walmartimages.com/asr/2f3e69fc-92fa-4b43-89ff-d5b394ed2ef2_1.ac77f885f2a4949cc0779e909ebfc430.jpeg,$5.99,Manchester United Wayne Rooney Soccer Sports Poster 24x36,No rating available,Manchester
,,,,,United
,,,,,Wayne
,,,,,Rooney
,,,,,Soccer
,,,,,Sports
,,,,,Poster
Manchester UTD Rooney 1415 Poster Print 24 x 36,https://i5.walmartimages.com/asr/04ddb4dc-23b3-4ae5-b5ab-00cf13a19ab7_1.e764fbc370273a00cee019b5cda83d09.jpeg,$9.50,Manchester UTD Rooney 1415 Poster Print (24 x 36),No rating available,Manchester
,,,,,UTD
,,,,,Rooney
,,,,,Poster
,,,,,Print
Manchester United Rooney Goal Poster Print 36 X 24,https://i5.walmartimages.com/asr/9a1a0081-f7f4-47cd-a0a2-56de5d149638_1.7331af672cf34db3eb562719233a9bc8.jpeg,$9.50,Manchester United Rooney Goal Poster Print (36 X 24),No rating available,Manchester
,,,,,United
,,,,,Rooney
,,,,,Goal
,,,,,Poster
,,,,,Print
Messi A Biography,https://i5.walmartimages.com/asr/716721be-081a-4a75-800b-240fa662d560_1.a78591435f54ef58d9b45b4726a44c95.jpeg,$11.35,Messi: A Biography,No rating available,Messi
,,,,,Biography
,,,,,Messi
Lionel Messi The Rise to Stardom,https://i5.walmartimages.com/asr/c5c0ce54-4bbd-4b78-a92c-dc8f64d62b45_1.bd123f5e52079abad437f967137d30b8.jpeg,$12.99,Lionel Messi: The Rise to Stardom.,No rating available,Lionel
,,,,,Messi
,,,,,Rise
,,,,,Stardom
,,,,,Messi
,,,,,Stardom
Lionel Messi Fathead Jr.,https://i5.walmartimages.com/asr/8918cd94-d131-41b5-aec1-1f4b4b92e859_1.64ba4466cc5dce5ee3353dd3df173a23.jpeg,$39.99,Fathead Lionel Messi Wall Decal,No rating available,Lionel
,,,,,Messi
,,,,,Fathead
,,,,,Jr
,,,,,Wall
,,,,,Decal
Midway Memorabilia messi cards Lionel Messi Soccer FIFA 2 card frame,https://i5.walmartimages.com/asr/b08cf796-e404-4cca-9d81-6e822069bb25_1.da42d1dc9658547f0e59c03c26f0b88c.jpeg,$43.70,Midway Memorabilia messi_cards Lionel Messi Soccer FIFA 2 card frame,No rating available,Midway
,,,,,Memorabilia
,,,,,messi
,,,,,cards
,,,,,Lionel
,,,,,Messi
,,,,,Soccer
,,,,,FIFA
,,,,,card
,,,,,frame
Trends Fc Barcelona L Messi 16,https://i5.walmartimages.com/asr/96926dc2-6e83-41df-9135-f342dabaffc1_1.171004854dc775df12b6b2696609e85d.jpeg,$5.99,FC Barcelona Lionel Messi 2016 Soccer Sports Poster 24x36,5 out of 5,Trends
,,,,,Fc
,,,,,Barcelona
,,,,,Messi
,,,,,FC
,,,,,Lionel
,,,,,Soccer
,,,,,Sports
,,,,,Poster
Mesut Zil Superstar,https://i5.walmartimages.com/asr/42e0468c-7c69-481d-85b1-10bc2d62d134_1.504234fe26b3caa4aaffe66a0791317f.jpeg,$12.50,Mesut Zil Superstar,No rating available,Mesut
,,,,,Zil
,,,,,Superstar
SOCCER Mesut Ozil 2013 Arsenal RealBig 66 66130,https://i5.walmartimages.com/asr/3e3b92ca-581f-491b-81ef-45edb22acde9_1.77d8148ae4807a705a1d1078f39f7d60.jpeg,$99.99,SOCCER Mesut Ozil 2013 Arsenal RealBig 66,No rating available,SOCCER
,,,,,Mesut
,,,,,Ozil
,,,,,Arsenal
Ronaldo,https://i5.walmartimages.com/asr/362e4d61-a920-4826-a5c0-6c707e7e7ab0_1.031b8a1d1e9d8df150aa3f8e55cd3d4e.jpeg,$9.88,Ronaldo,5 out of 5,Ronaldo
Ronaldo Change the Game Poster Print 24 x 36,https://i5.walmartimages.com/asr/7a582fb2-7cc6-4e47-8919-044e3c7d18e9_1.0b18b812696d94f438b96a76b88e89b3.jpeg,$9.50,Ronaldo,No rating available,Ronaldo
,,,,,Change
,,,,,Game
,,,,,Poster
,,,,,Print
Midway Memorabilia ronaldo cards Cristiano Ronald Soccer FIFA 2 card frame,https://i5.walmartimages.com/asr/b0f6d17c-1c51-4d80-874c-bebb430e761d_1.42292290070578192cdd18365031a1b9.jpeg,$43.70,Midway Memorabilia ronaldo_cards Cristiano Ronald Soccer FIFA 2 card frame,No rating available,Midway
,,,,,Memorabilia
,,,,,ronaldo
,,,,,cards
,,,,,Cristiano
,,,,,Ronald
,,,,,Soccer
,,,,,FIFA
,,,,,card
,,,,,frame
Ronaldo Rise of the Legend the Incredible Story of One of the Best Soccer Players in the World,https://i5.walmartimages.com/asr/797f4e0f-770f-4dd5-995f-6be3172f5524_1.c15c0da3ce3673b43e084a5c8bd0bb22.jpeg,$12.99,Ronaldo: Rise of the Legend. the Incredible Story of One of the Best Soccer Players in the World.,No rating available,Ronaldo
,,,,,Rise
,,,,,Legend
,,,,,Incredible
,,,,,Story
,,,,,One
,,,,,Best
,,,,,Soccer
,,,,,Players
,,,,,World
,,,,,Ronaldo
,,,,,Legend
,,,,,World
Real Madrid Cristiano Ronaldo 15 Poster Print 22 x 34,https://i5.walmartimages.com/asr/cd75a14d-8283-4dd9-aa77-fdac043dc30d_1.fe21bbc8c48aad8cfe494aeb1dae57c0.jpeg,$9.50,Real Madrid,No rating available,Real
,,,,,Madrid
,,,,,Cristiano
,,,,,Ronaldo
,,,,,Poster
,,,,,Print
FC Barcelona Neymar Jr 15 Poster Print 22 x 34,https://i5.walmartimages.com/asr/749902f9-30e4-4307-b838-37bf4a6c50a8_1.e6a571d81b2550397d50611c03e40aae.jpeg,$9.50,FC Barcelona,No rating available,FC
,,,,,Barcelona
,,,,,Neymar
,,,,,Jr
,,,,,Poster
,,,,,Print
Neymar 2017 The Unstoppable Rise of Barcelona s Brazilian Superstar,https://i5.walmartimages.com/asr/6f8a4cc0-b4db-4754-8004-6b426416fb6a_1.7f6e17c00e1d3b973c6856494c4603a4.jpeg,$10.95,Neymar 2017: The Unstoppable Rise of Barcelona's Brazilian Superstar,No rating available,Neymar
,,,,,Rise
,,,,,Barcelona
,,,,,Brazilian
,,,,,Superstar
,,,,,Barcelonas
Neymar Immortality Poster Print 24 x 36,https://i5.walmartimages.com/asr/51141b41-13b2-4f9f-a086-e8f0783cf8ab_1.86b57add7e166c3914871cbb1a78d123.jpeg,$10.45,Neymar,No rating available,Neymar
,,,,,Immortality
,,,,,Poster
,,,,,Print
Midway Memorabilia neymar 8x10 brazil Neymar Junior Team Brazil FIFA Soccer 8 x 10 Frame,https://i5.walmartimages.com/asr/2b58b9b5-3cff-4979-9c97-0118b387ed26_1.622771993abb4d1c9bf71b1490179989.jpeg,$79.10,Midway Memorabilia neymar,No rating available,Midway
,,,,,Memorabilia
,,,,,neymar
,,,,,brazil
,,,,,Neymar
,,,,,Junior
,,,,,Team
,,,,,Brazil
,,,,,FIFA
,,,,,Soccer
,,,,,Frame
42082603,https://i5.walmartimages.com/asr/28e0fd9e-3f18-43da-86d7-20e0f000e741_1.935f9889bf6dadbe9b1f2f11044c4526.jpeg,$11.73,Neymar: The New Pele,No rating available,Neymar
,,,,,New
,,,,,Pele
NCAA USC Trojans Men s Quarter Graphic Tee,https://i5.walmartimages.com/asr/169bf15b-be71-4872-b2c4-ade7be90a8be_1.a1d827d6d1d91b52d55f7fdb8c6a930f.jpeg,$8.47,NCAA USC Trojans Men's Quarter Graphic Tee,5 out of 5,NCAA
,,,,,USC
,,,,,Trojans
,,,,,Men
,,,,,Quarter
,,,,,Graphic
,,,,,Tee
,,,,,Mens
NCAA USC Trojans Adjustable Cap,https://i5.walmartimages.com/asr/779d69a1-5eef-4697-b69d-7d2335f81f5b_1.e1bbf6be19eccb7442398211be8ae897.jpeg,$9.47,NCAA USC Trojans Adjustable Cap,No rating available,NCAA
,,,,,USC
,,,,,Trojans
,,,,,Adjustable
,,,,,Cap
USC Trojans Table Cover,https://i5.walmartimages.com/asr/6dfdf20a-66ba-4135-8372-1ce06586e57f_1.e63ae0b88f5257e91cdbc6043081421c.jpeg,$4.20,USC Trojans Table Cover,No rating available,USC
,,,,,Trojans
,,,,,Table
,,,,,Cover
NCAA USC Trojans Playbook Backpack,https://i5.walmartimages.com/asr/0ce5603e-4126-492c-8cd1-08a55c8fe728_1.8cc832b6019dcd6f307d931e652e646d.jpeg,$14.88,"NCAA USC Trojans ""Playbook"" Backpack",No rating available,NCAA
,,,,,USC
,,,,,Trojans
,,,,,Playbook
,,,,,Backpack
,,,,,Playbook
Mr. Bar B Q NCAA Grill Cover and Grill Mat Set USC Trojans,https://i5.walmartimages.com/asr/aded763b-c72e-4f99-b221-09cd6d847611_1.724ca8e89cb6404993d98c8cd35c6c1e.jpeg,$73.99,Mr. Bar,No rating available,Mr
,,,,,Bar
,,,,,NCAA
,,,,,Grill
,,,,,Cover
,,,,,Grill
,,,,,Mat
,,,,,Set
,,,,,USC
,,,,,Trojans
NCAA Anthem Twin Sheet Set Ohio State,https://i5.walmartimages.com/asr/5b5ba5fc-045b-46ba-8543-10df8881c6f3_1.5480695a2bc0762579fe0f25e8bb8b0e.jpeg,$34.20 - $48.98,NCAA Ohio State Buckeyes Sheet Set,5 out of 5,NCAA
,,,,,Twin
,,,,,Sheet
,,,,,Set
,,,,,Ohio
,,,,,State
,,,,,Buckeyes
Ohio State Buckeyes Tumbler Square Insulated 16oz,https://i5.walmartimages.com/asr/0c4e6bc7-fddd-4294-8ad5-0b906b6990d5_1.8b2169c9a1557551a605805f0e5a0e72.jpeg,$17.99,Ohio State Buckeyes Tumbler,No rating available,Ohio
,,,,,State
,,,,,Buckeyes
,,,,,Tumbler
,,,,,Square
,,,,,Insulated
BSI Products 83655 Ncaa Ohio State Buckeyes 2 Sided Garden Flag,https://i5.walmartimages.com/asr/c51b1517-5d50-499d-8e96-afe86cbd545c_1.490de83d4073c933b0daeb2414d3c714.jpeg,$15.20,Ohio State Buckeyes 2,5 out of 5,Products
,,,,,Ncaa
,,,,,Ohio
,,,,,State
,,,,,Buckeyes
,,,,,Sided
,,,,,Garden
,,,,,Flag
NCAA Nations Banner Ohio State University Buckeyes,https://i5.walmartimages.com/asr/60bdaaaf-8e81-49e4-b4f0-376a299782fc_1.d484a62e8178faad4b31162fc0aeffb0.jpeg,$23.91,Ohio State Buckeyes Official NCAA 14 inch X 22 inch Team Nation Banner Flag by Winning Streak,No rating available,NCAA
,,,,,Nations
,,,,,Banner
,,,,,Ohio
,,,,,State
,,,,,University
,,,,,Buckeyes
,,,,,Official
,,,,,Team
,,,,,Nation
,,,,,Flag
,,,,,Winning
,,,,,Streak
Ohio State Buckeyes 14 oz Mocha Coffee Mug,https://i5.walmartimages.com/asr/f695cf01-8ac7-444c-a81a-584a96279ca0_1.270bb6efe27ab591c1b987d38c37a0f8.jpeg,$20.15,Ohio State Buckeyes Coffee Mug,No rating available,Ohio
,,,,,State
,,,,,Buckeyes
,,,,,Mocha
,,,,,Coffee
,,,,,Mug
NCAA Men s Alabama Crimson Tide Home Cap,https://i5.walmartimages.com/asr/3c16242b-58d4-455b-bf33-c4f25c610134_1.ace89f9112386921b011f8752867ab14.jpeg,$9.47,NCAA Men's Alabama Crimson Tide Home Cap,No rating available,NCAA
,,,,,Men
,,,,,Alabama
,,,,,Crimson
,,,,,Tide
,,,,,Home
,,,,,Cap
,,,,,Mens
NCAA Alabama Crimson Tide Traction 55 x 70 Silk Touch Throw,https://i5.walmartimages.com/asr/d08cdc93-28d2-4131-ab21-9bf01586555a_1.feb6e8a53f23f45c1685d8e939c2bc1d.jpeg,$19.94,"NCAA Alabama Crimson Tide ""Traction"" 55"" x 70"" Silk Touch Throw",5 out of 5,NCAA
,,,,,Alabama
,,,,,Crimson
,,,,,Tide
,,,,,Traction
,,,,,Silk
,,,,,Touch
,,,,,Throw
,,,,,Traction
Alabama Anthem Twin Sheet Set,https://i5.walmartimages.com/asr/140eb40b-d61a-41db-98dd-4a473e335ff0_1.6c6be14a52e3ac845cba14443a361b1f.jpeg,$30.50 - $48.98,NCAA Alabama Crimson Tide Sheet Set,3.7 out of 5,Alabama
,,,,,Twin
,,,,,Sheet
,,,,,Set
,,,,,NCAA
,,,,,Crimson
,,,,,Tide
Russell NCAA Alabama Crimson Tide Men s Impact Pullover Hoodie,https://i5.walmartimages.com/asr/d3937dbc-d0f7-4771-92b3-0b5ae5467f1c_1.4c0e2336131fd3aa5d12c29395464b27.jpeg,$29.94,Russell NCAA Alabama Crimson Tide Men's Impact Pullover ie,No rating available,Russell
,,,,,NCAA
,,,,,Alabama
,,,,,Crimson
,,,,,Tide
,,,,,Men
,,,,,Impact
,,,,,Pullover
,,,,,Hoodie
,,,,,Mens
Alabama Crimson Tide Magnetic Money Clip,https://i5.walmartimages.com/asr/ba1ace7d-47fd-4f85-ad31-ff1ceb1de2b5_1.a129e2b2603bef1b830384be0ab7dae6.jpeg,$21.45,NCAA,No rating available,Alabama
,,,,,Crimson
,,,,,Tide
,,,,,Magnetic
,,,,,Money
,,,,,Clip
,,,,,NCAA
NCAA Washington Huskies 50 x 60 Fleece Throw,https://i5.walmartimages.com/asr/59c1ee64-4499-4f33-8f5c-c18b4ffbd298_1.4f25cb7ae50d76b2321b3887c66251e6.jpeg,$14.50,"NCAA Washington Huskies 50"" x 60"" Fleece Throw",No rating available,NCAA
,,,,,Washington
,,,,,Huskies
,,,,,Fleece
,,,,,Throw
Russell NCAA Washington Huskies Big Men s Classic Cotton T Shirt,https://i5.walmartimages.com/asr/8c2e6753-b9da-4b55-bd21-e588d88c4ea9_1.e5367a8c9083c2805a49d34e83ca3d2a.jpeg,$10.47,Russell NCAA Washington Huskies Big Men's Classic Cotton T,No rating available,Russell
,,,,,NCAA
,,,,,Washington
,,,,,Huskies
,,,,,Big
,,,,,Men
,,,,,Classic
,,,,,Cotton
,,,,,T
,,,,,Shirt
,,,,,Mens
NCAA Men s Washington Huskies Team Color Cap,https://i5.walmartimages.com/asr/fa7e4a0c-0106-4ab9-9e4f-8f65b9de16a5_1.d7d49526e1c6936cac55185e5b887415.jpeg,$9.47,NCAA Men's Washington Huskies Team Color Cap,No rating available,NCAA
,,,,,Men
,,,,,Washington
,,,,,Huskies
,,,,,Team
,,,,,Color
,,,,,Cap
,,,,,Mens
NCAA Forever Collectibles Reversible Split Logo Scarf University of Washington Huskies,https://i5.walmartimages.com/asr/55d83aca-2988-43ca-9946-0aa348735863_1.3402010002b4cb4feef3ccf799361611.jpeg,$18.57,"NCAA Forever Collectibles Reversible Split Logo Scarf, University of Washington Huskies",No rating available,NCAA
,,,,,Forever
,,,,,Collectibles
,,,,,Reversible
,,,,,Split
,,,,,Logo
,,,,,Scarf
,,,,,University
,,,,,Washington
,,,,,Huskies
,,,,,Scarf
Washington Huskies Cutter Youth Purple Hoodie Sweatshirt Jacket,https://i5.walmartimages.com/asr/557f6f88-4c3c-42ef-858e-25acabc5d73d_1.266b747ade0efa2f38709642160e6760.jpeg,$39.99,Washington Huskies Cutter Youth Purple Hoodie Sweatshirt Jacket,No rating available,Washington
,,,,,Huskies
,,,,,Cutter
,,,,,Youth
,,,,,Purple
,,,,,Hoodie
,,,,,Sweatshirt
,,,,,Jacket
Ucla Bruins California Los Angeles Bruins Pennant,https://i5.walmartimages.com/asr/0f8ff908-432c-41a6-8e21-5d94c367890b_1.8a49a2b8b678eb40f7777fab91ead4ee.jpeg,$5.59,UCLA Bruins Official NCAA 12 inch x 30 inch Felt Pennant by Wincraft,No rating available,Ucla
,,,,,Bruins
,,,,,California
,,,,,Los
,,,,,Angeles
,,,,,Bruins
,,,,,Pennant
,,,,,UCLA
,,,,,Official
,,,,,NCAA
,,,,,Felt
,,,,,Wincraft
NCAA 045 UCLA Bruins Beast Series Watch,https://i5.walmartimages.com/asr/0e117047-48e1-41fd-a1d3-dc98a3733079_1.ef2109fcd87eded6354e9b50313a3856.jpeg,$38.46,Game Time NCAA Men's University of California Bruins UCLA Beast Series Watch,No rating available,NCAA
,,,,,UCLA
,,,,,Bruins
,,,,,Beast
,,,,,Series
,,,,,Watch
,,,,,Game
,,,,,Time
,,,,,Mens
,,,,,University
,,,,,California
Mugzie 16 Oz Stainless Steel Travel Mug with Insulated Wetsuit Cover NCAA UCLA Bruins,https://i5.walmartimages.com/asr/2e0b7378-7cd0-4968-8519-2a899a7f37d9_1.1de87e4d61bce6d912b125fd46418ff3.jpeg,$19.95,Mugzie 16,No rating available,Stainless
,,,,,Steel
,,,,,Travel
,,,,,Mug
,,,,,Insulated
,,,,,Wetsuit
,,,,,Cover
,,,,,NCAA
,,,,,UCLA
,,,,,Bruins
NCAA UCLA Bruins Rebel 60 x 80 Raschel Throw,https://i5.walmartimages.com/asr/97482391-1cc3-42a4-b212-04c2c518ef70_1.84f63ac42d58f4e3cf5da21e622864b7.jpeg,$42.22,"NCAA UCLA Bruins ""Rebel"" 60"" x 80"" Raschel Throw",No rating available,NCAA
,,,,,UCLA
,,,,,Bruins
,,,,,Rebel
,,,,,Raschel
,,,,,Throw
,,,,,Rebel
UCLA Bruins Grill Cover,https://i5.walmartimages.com/asr/b6ca487d-1f7f-43af-8bfe-31467e25b03c_1.1b30ea8376041eec3339f4d364c274ff.jpeg,$29.95,UCLA Bruins Grill Cover,No rating available,UCLA
,,,,,Bruins
,,,,,Grill
,,,,,Cover
MLB Chicago Cubs Men s 2016 World Series Champions Tee,https://i5.walmartimages.com/asr/227a6b9a-6ae1-4729-97a0-8c530e0094f5_1.8ef629847c8283037d74fdb3bff7984a.jpeg,$18.88,MLB Chicago Cubs Men's 2016 World Series Champions Tee,No rating available,MLB
,,,,,Chicago
,,,,,Cubs
,,,,,Men
,,,,,World
,,,,,Series
,,,,,Champions
,,,,,Tee
,,,,,Mens
OFFICIAL Major League Baseball Chicago Cubs 2016 World Series Champions 50 x 60 High Definition Silk Touch Throw,https://i5.walmartimages.com/asr/5c0e13f0-d80a-4382-ae2f-3cf5b45b0a3d_1.ee07e9aff587d5d26e50758188712ff2.jpeg,$33.00,"Official Major League Baseball Chicago Cubs ""2016 World Series Champions"" 50"" x 60"" High Definition Silk Touch Throw",5 out of 5,OFFICIAL
,,,,,Major
,,,,,League
,,,,,Baseball
,,,,,Chicago
,,,,,Cubs
,,,,,World
,,,,,Series
,,,,,Champions
,,,,,High
,,,,,Definition
,,,,,Silk
,,,,,Touch
,,,,,Throw
,,,,,Official
,,,,,Champions
Chicago Cubs New Era MLB 9Forty The League Adjustable Hat 2 Tone,https://i5.walmartimages.com/asr/39d3e472-845f-4067-ba8b-190fa021c68d_1.7e28d59d4dc2ca445e90216d6e4a727a.jpeg,$21.17,"Chicago Cubs New Era MLB 9Forty ""The League"" Adjustable Hat",No rating available,Chicago
,,,,,Cubs
,,,,,New
,,,,,Era
,,,,,MLB
,,,,,League
,,,,,Adjustable
,,,,,Hat
,,,,,Tone
,,,,,League
Chicago Cubs Car Flag,https://i5.walmartimages.com/asr/1096bdc7-55c6-4ed5-8481-a194c1e5a1c9_1.3fbf6be8d63fa43c0a3841eaca6972a8.jpeg,$15.95,"Rico Industries MLB Car Flag, Chicago Cubs",No rating available,Chicago
,,,,,Cubs
,,,,,Car
,,,,,Flag
,,,,,Industries
,,,,,MLB
,,,,,Flag
Chicago Cubs Official MLB 18 inch x 13 inch Backpack Backsack by Forever Collectibles,https://i5.walmartimages.com/asr/84437cd3-911b-4b6d-8379-bc7e96ef603f_2.2f533c946cf181e23b237884b443cf12.jpeg,$4.87,MLB Chicago Cubs Big Logo Drawstring Bag,No rating available,Chicago
,,,,,Cubs
,,,,,Official
,,,,,MLB
,,,,,Backpack
,,,,,Backsack
,,,,,Forever
,,,,,Collectibles
,,,,,Big
,,,,,Logo
,,,,,Drawstring
,,,,,Bag
Los Angeles Dodgers LA Logo 3 x 5 MLB Flag,https://i5.walmartimages.com/asr/e3f33557-dfc6-4f1f-9b46-0ca332469428_1.21b96769172f740bb85a5836800cc310.jpeg,$32.95,Los Angeles Dodgers LA Logo 3' x 5' MLB Flag,No rating available,Los
,,,,,Angeles
,,,,,Dodgers
,,,,,LA
,,,,,Logo
,,,,,MLB
,,,,,Flag
47 Brand Los Angeles Dodgers MLB Breakaway Knit Beanie Hat SIZE ONE SIZE FITS MOST,https://i5.walmartimages.com/asr/10c79099-8bbc-417f-8f75-075fdc867eee_1.2b398909bbe28c73f785cb41e4a8854a.jpeg,$16.95,"Los Angeles Dodgers Blue ""Breakaway"" Beanie Hat with Pom",No rating available,Brand
,,,,,Los
,,,,,Angeles
,,,,,Dodgers
,,,,,MLB
,,,,,Knit
,,,,,Beanie
,,,,,Hat
,,,,,ONE
,,,,,FITS
,,,,,MOST
,,,,,Blue
,,,,,Pom
Los Angeles Dodgers 47 Brand Bleacher Blue LA Logo Cotton Scrum T Shirt,https://i5.walmartimages.com/asr/123b60f2-5d89-4414-a59c-ab77a10f919d_1.8466e9673dd5f31ba89c131d0502a6df.jpeg,$37.99,"Los Angeles Dodgers 47 Brand Bleacher Blue ""LA"" Logo Cotton Scrum T",No rating available,Los
,,,,,Angeles
,,,,,Dodgers
,,,,,Brand
,,,,,Bleacher
,,,,,Blue
,,,,,LA
,,,,,Logo
,,,,,Cotton
,,,,,T
,,,,,Shirt
,,,,,LA
LA Dodgers Deluxe Grill Cover,https://i5.walmartimages.com/asr/0ffac4f3-a5a3-46cf-9430-d82d4e59e385_1.41972dd179b00442ee20daf8e8ce8b71.jpeg,$40.82,LA Dodgers Deluxe Grill Cover,5 out of 5,LA
,,,,,Dodgers
,,,,,Deluxe
,,,,,Grill
,,,,,Cover
MLB License Stainless Steel LA Dodgers Logo Ring,https://i5.walmartimages.com/asr/15c389c3-d8db-40a4-8ff6-9ba5e7892d74_1.9c4b57bb172f6eb316e8ef7495edac89.jpeg,$21.06,MLB License Stainless Steel LA Dodgers Logo Ring,No rating available,MLB
,,,,,License
,,,,,Stainless
,,,,,Steel
,,,,,LA
,,,,,Dodgers
,,,,,Logo
,,,,,Ring
Fan Favorite MLB Basic Cap New York Yankees,https://i5.walmartimages.com/asr/5145b2a0-d651-4e6f-93bc-82d6231a69ad_1.e24f04f5aac30d74385f92746b06c5b7.jpeg,$9.47,MLB New York Yankees Basic Cap / Hat by Fan Favorite,4.8 out of 5,Fan
,,,,,Favorite
,,,,,MLB
,,,,,Basic
,,,,,Cap
,,,,,New
,,,,,York
,,,,,Yankees
,,,,,Hat
Forever Collectibles MLB New York Yankees Prime Backpack,https://i5.walmartimages.com/asr/d0c718ea-b96c-430a-97fd-49cecb1dd137_1.08cdb22c18cd46e4685be7640faed9d8.jpeg,$24.99,Forever Collectibles MLB New York Yankees Prime Backpack,No rating available,Forever
,,,,,Collectibles
,,,,,MLB
,,,,,New
,,,,,York
,,,,,Yankees
,,,,,Prime
,,,,,Backpack
MLB NY Yankees Men s Poly Button Down Jersey,https://i5.walmartimages.com/asr/7dadbd41-2aff-463e-bac7-0cb51d8e6294_1.f6613c92f2ef1bcaca5d68080fe9369b.jpeg,$29.96,MLB NY Yankees Men's Poly Button Down Jersey,No rating available,MLB
,,,,,NY
,,,,,Yankees
,,,,,Men
,,,,,Down
,,,,,Jersey
,,,,,Mens
New York Yankees MLB 47 Brand Duster Colorblocked Men s Crew Length Socks,https://i5.walmartimages.com/asr/09965419-7bfe-40de-868e-630b15a0d399_1.ca8a7de3b601fd0c5162abf812c1703b.jpeg,$13.95,"New York Yankees MLB 47 Brand ""Duster"" Colorblocked Men's Crew Length Socks",No rating available,New
,,,,,York
,,,,,Yankees
,,,,,MLB
,,,,,Brand
,,,,,Duster
,,,,,Men
,,,,,Crew
,,,,,Length
,,,,,Socks
,,,,,Duster
,,,,,Mens
New York Yankees Busy Block MLB Ugly Sweater X Large,https://i5.walmartimages.com/asr/eb97f4d8-ddee-451b-8e11-3d5870d16699_1.4e9e0c00fc4af3e9d473199b6a47e39a.jpeg,$65.98,New York Yankees Busy Block MLB Ugly Sweater,5 out of 5,New
,,,,,York
,,,,,Yankees
,,,,,Block
,,,,,MLB
,,,,,Sweater
,,,,,Large
Fan Favorite MLB Forest Cap San Francisco Giants,https://i5.walmartimages.com/asr/8ce75824-63e6-453b-8e77-0b6badcab381_1.0e0d584c026b25914f360f065c8f8955.jpeg,$14.97,MLB San Francisco Giants Forest Cap / Hat,4.4 out of 5,Fan
,,,,,Favorite
,,,,,MLB
,,,,,Forest
,,,,,Cap
,,,,,San
,,,,,Francisco
,,,,,Giants
,,,,,Hat
Team Sports America San Francisco Giants Double Sided Jersey Suede House Flag 29 x 43 inches,https://i5.walmartimages.com/asr/c2d878dc-7187-4cf0-a823-311d2acab07a_1.c6383d1ff1831f5c45eb27dea6bbe1bb.jpeg,$26.95,"Team Sports America San Francisco Giants Double Sided Jersey Suede House Flag, 29 x 43 inches",No rating available,Team
,,,,,Sports
,,,,,America
,,,,,San
,,,,,Francisco
,,,,,Giants
,,,,,Double
,,,,,Sided
,,,,,Jersey
,,,,,House
,,,,,Flag
,,,,,Flag
MLB San Francisco Giants Echo Backpack,https://i5.walmartimages.com/asr/717e3376-d316-4192-b0ed-aed2182068ad_1.b480b16a96c3d3cb92dce4beef79b688.jpeg,$12.88,"MLB San Francisco Giants ""Echo"" Backpack",No rating available,MLB
,,,,,San
,,,,,Francisco
,,,,,Giants
,,,,,Echo
,,,,,Backpack
,,,,,Echo
MLB San Francisco Giants 50 x 60 Fleece Throw,https://i5.walmartimages.com/asr/21ec72a5-8960-47d0-ad3a-986abda743c4_1.71951e26667cd55d3e7eab41f417b633.jpeg,$14.99,"MLB San Francisco Giants 50"" x 60"" Fleece Throw",No rating available,MLB
,,,,,San
,,,,,Francisco
,,,,,Giants
,,,,,Fleece
,,,,,Throw
MLB San Francisco Giants 2014 World Series Champions Celebration 1 Framed Photo Collage 11x14 by Legends Never Die,https://i5.walmartimages.com/asr/fa701f89-2e2c-4dbd-845f-c51f117a83a2_1.9aa7441d8229bbc05250a588f8afca68.jpeg,$33.71,"MLB San Francisco Giants 2014 World Series Champions Celebration 1 Framed Photo Collage, 11x14, by Legends Never Die",No rating available,MLB
,,,,,San
,,,,,Francisco
,,,,,Giants
,,,,,World
,,,,,Series
,,,,,Champions
,,,,,Celebration
,,,,,Framed
,,,,,Photo
,,,,,Collage
,,,,,Legends
,,,,,Never
,,,,,Die
,,,,,Collage
Boston Red Sox Navy Bigger Series Sweep Wordmark T 045 Shirt,https://i5.walmartimages.com/asr/6e9f234f-1e8d-4869-9bd3-0a75514c5d99_1.163575697c479fc13d657559409c64ef.jpeg,$13.88,MLB,5 out of 5,Boston
,,,,,Red
,,,,,Sox
,,,,,Navy
,,,,,Bigger
,,,,,Series
,,,,,Sweep
,,,,,T
,,,,,Shirt
,,,,,MLB
Fan Favorite MLB Basic Cap Boston Red Sox,https://i5.walmartimages.com/asr/58c1d635-082b-4ec3-b949-27f3523441d3_1.0dfbc0f00a6a23711e43609a5f274a97.jpeg,$9.47,MLB Boston Red Sox Basic Cap / Hat by Fan Favorite,4.8 out of 5,Fan
,,,,,Favorite
,,,,,MLB
,,,,,Basic
,,,,,Cap
,,,,,Boston
,,,,,Red
,,,,,Sox
,,,,,Hat
MLB Boston Red Sox Men s Color Block Jersey,https://i5.walmartimages.com/asr/3d87abf1-2de7-4430-b984-e0ace557a61c_1.2edb11888b3769c92f49be9795fe86b9.jpeg,$29.96,MLB Boston Red Sox Men's Color Block Jersey,No rating available,MLB
,,,,,Boston
,,,,,Red
,,,,,Sox
,,,,,Men
,,,,,Color
,,,,,Block
,,,,,Jersey
,,,,,Mens
Forever Collectibles MLB Boston Red Sox Prime Backpack,https://i5.walmartimages.com/asr/4ad8a581-4b2d-46c6-be61-a1500b964270_1.81d2b99ac13eddf1107eda1ac5710df9.jpeg,$24.99,Forever Collectibles MLB Boston Red Sox Prime Backpack,No rating available,Forever
,,,,,Collectibles
,,,,,MLB
,,,,,Boston
,,,,,Red
,,,,,Sox
,,,,,Prime
,,,,,Backpack
MLB Boston Red Sox 50 x 60 Fleece Throw,https://i5.walmartimages.com/asr/30ccafe7-fd5f-47cb-bdf0-6b8a46a19b5c_1.20ea89759b6a51edeba34023e0f780fe.jpeg,$14.97,"MLB Boston Red Sox 50"" x 60"" Fleece Throw",3 out of 5,MLB
,,,,,Boston
,,,,,Red
,,,,,Sox
,,,,,Fleece
,,,,,Throw
Turner Sports 2017 12 x 12 Player Wall Calendar Chicago Cubs Kris Bryant,https://i5.walmartimages.com/asr/eba50b67-9284-4030-9f49-acc7786121ea_1.6d2bf53992893e5cd93a3320ab0459c9.jpeg,$16.99,"Turner Sports 2017 12"" x 12"" Player Wall Calendar, Chicago Cubs Kris Bryant",No rating available,Turner
,,,,,Sports
,,,,,Player
,,,,,Wall
,,,,,Calendar
,,,,,Chicago
,,,,,Cubs
,,,,,Kris
,,,,,Bryant
,,,,,Calendar
C I Collectables MLB 6x8 Kris Bryant Chicago Cubs 2 Card Plaque,https://i5.walmartimages.com/asr/291d7800-e672-45b8-90a3-f0186ad50ec0_1.39d9b4d5ec19ccee5f3410cf9335e95a.jpeg,$11.99,C&I Collectables MLB 6x8 Kris Bryant Chicago Cubs 2,No rating available,Collectibles
,,,,,MLB
,,,,,Kris
,,,,,Bryant
,,,,,Chicago
,,,,,Cubs
,,,,,Card
,,,,,Plaque
Import Dragon MLB Chicago Cubs Kris Bryant Collectible Figure 6 Gray,https://i5.walmartimages.com/asr/b2d7f4cb-278e-49ef-bc93-ffdbebac4780_1.0f02fce41b2e55627b2d6f1858f67f7f.jpeg,$17.99,"Import Dragon MLB Chicago Cubs Kris Bryant Collectible Figure, 6"", Gray",No rating available,Import
,,,,,Dragon
,,,,,MLB
,,,,,Chicago
,,,,,Cubs
,,,,,Kris
,,,,,Bryant
,,,,,Collectible
,,,,,Figure
,,,,,Gray
,,,,,Figure
Trends Chicago Cubs K Bryant 15,https://i5.walmartimages.com/asr/42a56e01-7465-4c44-9fe6-408d6f7d5dc2_1.836b982532598e71111bc74c6dfb6e14.jpeg,$9.95,Chicago Cubs Kris Bryant Wrigley Field MLB Baseball Sports Poster 22x34,No rating available,Trends
,,,,,Chicago
,,,,,Cubs
,,,,,Bryant
,,,,,Kris
,,,,,Wrigley
,,,,,Field
,,,,,MLB
,,,,,Baseball
,,,,,Sports
,,,,,Poster
Chicago Cubs Adult Diamond Kris Bryant Triblend T Shirt Royal,https://i5.walmartimages.com/asr/a5dbc5fc-bc2c-47a4-8d89-5a4632674669_1.1a9846d23b29243a724376bf9e6d3f21.jpeg,$27.95,Chicago Cubs Adult Diamond Kris Bryant Triblend T,No rating available,Chicago
,,,,,Cubs
,,,,,Adult
,,,,,Diamond
,,,,,Kris
,,,,,Bryant
,,,,,Triblend
,,,,,T
,,,,,Shirt
,,,,,Royal
Clayton Kershaw,https://i5.walmartimages.com/asr/f002fdb9-a885-4c1c-bcfa-c273b8153032_1.9938f8a27ec45b588cdf7e120f319775.jpeg,$25.26,Clayton Kershaw,No rating available,Clayton
,,,,,Kershaw
SkootZ Wristband Dodgers Clayton Kershaw Shadow,https://i5.walmartimages.com/asr/5afde5f5-bec2-47e9-a8bb-c5809fb36cd7_1.7b59f286808a331b26768d71978c3db0.jpeg,$4.70 - $4.88,"SkootZ Wristband, Dodgers, Clayton Kershaw, Shadow",5 out of 5,SkootZ
,,,,,Wristband
,,,,,Dodgers
,,,,,Clayton
,,,,,Kershaw
,,,,,Shadow
,,,,,Wristband
,,,,,Dodgers
,,,,,Kershaw
C I Collectables MLB 12x15 Clayton Kershaw Los Angeles Dodgers 8 Card Plaque,https://i5.walmartimages.com/asr/9c1ddd31-7150-4962-b4d1-a8bcfa433966_1.68cdfe5c73a54f4cb3fa0fc3666852fb.jpeg,$25.00,C&I Collectables MLB 12x15 Clayton Kershaw Los Angeles Dodgers 8,No rating available,Collectibles
,,,,,MLB
,,,,,Clayton
,,,,,Kershaw
,,,,,Los
,,,,,Angeles
,,,,,Dodgers
,,,,,Card
,,,,,Plaque
C I Collectables MLB 12x15 Clayton Kershaw 2014 MVP Los Angeles Dodgers Player Plaque,https://i5.walmartimages.com/asr/72e6e2ad-d908-4e7f-aabe-3c8a43b9e311_1.cbc11ed007282624116184d80f4bc81d.jpeg,$25.00,C&I Collectables MLB 12x15 Clayton Kershaw 2014 MVP Los Angeles Dodgers Player Plaque,No rating available,Collectibles
,,,,,MLB
,,,,,Clayton
,,,,,Kershaw
,,,,,Los
,,,,,Angeles
,,,,,Dodgers
,,,,,Player
,,,,,Plaque
DISCONTINUED PER VENDOR 12 15,https://i5.walmartimages.com/asr/e4a822c4-4e1f-4823-9bca-31b78a0d7001_1.3098ea045eb66a5e51a458db507df505.jpeg,$14.45,Fathead Clayton Kershaw Teammate Player,No rating available,Fathead
,,,,,Clayton
,,,,,Kershaw
,,,,,Teammate
,,,,,Player
Gary Sanchez 2016 Action Photo Print 8 x 10,https://i5.walmartimages.com/asr/01aab0a4-4cc1-4457-9410-e62c5aa93b95_1.ac5527f72cc2db6b96bb32e7d570733c.jpeg,$9.50,Gary Sanchez 2016 Action Photo Print (8 x 10),No rating available,Gary
,,,,,Sanchez
,,,,,Action
,,,,,Photo
,,,,,Print
Gary Sanchez New York Yankees 2016 Topps Now Rookie Card 341 BGS 9,https://i5.walmartimages.com/asr/7a03c362-5a2b-48d1-b4e8-f6ab61d1d856_1.d35637726a5b91b1d4b97f7fb649c69c.jpeg,$86.98,Gary Sanchez New York Yankees 2016 Topps Now Rookie Card #341 BGS 9,No rating available,Gary
,,,,,Sanchez
,,,,,New
,,,,,York
,,,,,Yankees
,,,,,Topps
,,,,,Rookie
,,,,,Card
Gary Sanchez 2016 Action Photo Print 8 x 10,https://i5.walmartimages.com/asr/bc920daf-3627-4e13-9a8c-0de6cabc680f_1.b3f232cb35ca365102d4eb5f7c25fbb7.jpeg,$9.50,Gary Sanchez 2016 Action Photo Print (8 x 10),No rating available,Gary
,,,,,Sanchez
,,,,,Action
,,,,,Photo
,,,,,Print
Gary Sanchez 2016 Action Photo Print 8 x 10,https://i5.walmartimages.com/asr/dbeea4b4-8631-4044-8499-becaa7d2ec8e_1.10aee88a7e0fb7ca19c01fff7d668442.jpeg,$9.50,Gary Sanchez 2016 Action Photo Print (8 x 10),No rating available,Gary
,,,,,Sanchez
,,,,,Action
,,,,,Photo
,,,,,Print
Gary Sanchez 2016 Portrait Plus Photo Print 8 x 10,https://i5.walmartimages.com/asr/69635a73-d1f6-4c5c-b3b9-95111a24fa82_1.c41541b1db6da90edae55c11e9e73d62.jpeg,$9.50,Gary Sanchez 2016 Portrait Plus Photo Print (8 x 10),No rating available,Gary
,,,,,Sanchez
,,,,,Portrait
,,,,,Photo
,,,,,Print
Dustin Pedroia,https://i5.walmartimages.com/asr/d16dc044-04db-488a-acca-91a2c13b3139_1.4d4afb623e6fb1c98b581acebc3f9844.jpeg,$25.26,Dustin Pedroia,No rating available,Dustin
,,,,,Pedroia
Dustin Pedroia The Inspirational Story of Baseball Superstar Dustin Pedroia,https://i5.walmartimages.com/asr/141a9338-0bf8-4182-9d34-00081537ec4e_1.29508f127cb0d5afc0bd37d524147976.jpeg,$6.99,Dustin Pedroia: The Inspirational Story of Baseball Superstar Dustin Pedroia,No rating available,Dustin
,,,,,Pedroia
,,,,,Inspirational
,,,,,Story
,,,,,Baseball
,,,,,Superstar
,,,,,Dustin
,,,,,Pedroia
,,,,,Pedroia
SkootZ Wristband Red Sox Dustin Pedroia Shadow,https://i5.walmartimages.com/asr/600e0455-3949-499a-9932-493f62f10572_1.158e54fb0fe65af705c57b7f61ae4060.jpeg,$4.70,"SkootZ Wristband, Red Sox, Dustin Pedroia, Shadow",No rating available,SkootZ
,,,,,Wristband
,,,,,Red
,,,,,Sox
,,,,,Dustin
,,,,,Pedroia
,,,,,Shadow
,,,,,Wristband
,,,,,Sox
,,,,,Pedroia
C I Collectables MLB 12x15 Dustin Pedroia Boston Red Sox 8 Card Plaque,https://i5.walmartimages.com/asr/7dcc7861-04d7-49a8-9599-5d055c15ccaa_1.38f69501df8ed9936dab2136c148f758.jpeg,$25.00,C&I Collectables MLB 12x15 Dustin Pedroia Boston Red Sox 8,No rating available,Collectibles
,,,,,MLB
,,,,,Dustin
,,,,,Pedroia
,,,,,Boston
,,,,,Red
,,,,,Sox
,,,,,Card
,,,,,Plaque
Dustin Pedroia Boston Red Sox Youth Majestic MLB Player Navy T Shirt,https://i5.walmartimages.com/asr/d1e1062a-ec17-4140-a36b-c8325c30ded5_1.faf383518f41d8d85e2344058ec428fa.jpeg,$19.99,Dustin Pedroia Boston Red Sox Youth Majestic MLB Player Navy T,No rating available,Dustin
,,,,,Pedroia
,,,,,Boston
,,,,,Red
,,,,,Sox
,,,,,Youth
,,,,,Majestic
,,,,,MLB
,,,,,Player
,,,,,Navy
,,,,,T
,,,,,Shirt
SkootZ WideZ Wristband Giants Madison Bumgarner,https://i5.walmartimages.com/asr/1f34f7ba-58d9-4116-9b01-0cbf6498e465_1.f40ee965c68e20a61798791fe3bf7a35.jpeg,$4.70,"SkootZ WideZ Wristband, Giants, Madison Bumgarner",No rating available,SkootZ
,,,,,Wristband
,,,,,Giants
,,,,,Madison
,,,,,Bumgarner
,,,,,Wristband
,,,,,Giants
Madison Bumgarner The Inspirational Story of Baseball Superstar Madison Bumgarner,https://i5.walmartimages.com/asr/198620ff-2f9f-4a4f-a389-4eeb36c28448_1.4b7a3d227570b9f811eafa04ffd5b3bf.jpeg,$6.99,Madison Bumgarner: The Inspirational Story of Baseball Superstar Madison Bumgarner,No rating available,Madison
,,,,,Bumgarner
,,,,,Inspirational
,,,,,Story
,,,,,Baseball
,,,,,Superstar
,,,,,Madison
,,,,,Bumgarner
,,,,,Bumgarner
SF Giants Madison Bumgarner MLB World Series Limited Edition Action Figure,https://i5.walmartimages.com/asr/20eed6ae-34db-4bdb-a85e-f5e747a98e50_1.a634d747589310ff90b64b64696ad459.jpeg,$26.38,Madison Bumgarner World Series Limited Edition Collector Box MLB,No rating available,SF
,,,,,Giants
,,,,,Madison
,,,,,Bumgarner
,,,,,MLB
,,,,,World
,,,,,Series
,,,,,Limited
,,,,,Edition
,,,,,Action
,,,,,Figure
,,,,,Collector
,,,,,Box
C I Collectables MLB 12x15 Madison Bumgarner San Francisco Giants Player Plaque,https://i5.walmartimages.com/asr/2bca76aa-b1a2-4159-a70e-af24fc4e91f7_1.e49f11f12556a97d787fbfaa5cb5b669.jpeg,$25.00,C&I Collectables MLB 12x15 Madison Bumgarner San Francisco Giants Player Plaque,No rating available,Collectibles
,,,,,MLB
,,,,,Madison
,,,,,Bumgarner
,,,,,San
,,,,,Francisco
,,,,,Giants
,,,,,Player
,,,,,Plaque
Madison Bumgarner 2013 Action Sports Photo 8 x 10,https://i5.walmartimages.com/asr/4b48cf9e-34b2-4b8e-bb7c-c4649120a3bc_1.4679d1e3d6833435f37ff53c8530408c.jpeg,$16.15,Madison Bumgarner 2013 Action Sports Photo (8 x 10),No rating available,Madison
,,,,,Bumgarner
,,,,,Action
,,,,,Sports
,,,,,Photo
NHL Columbus Blue Jackets Basic Cap,https://i5.walmartimages.com/asr/1acf7720-7d84-4b9d-b96a-9e9e57695099_1.b58c68fd27c7bff41a4b0076cdfd666d.jpeg,$9.47,NHL Columbus Blue Jackets Basic Cap,No rating available,NHL
,,,,,Columbus
,,,,,Blue
,,,,,Jackets
,,,,,Basic
,,,,,Cap
Columbus Blue Jackets Mens Tempest Jacket Team Color Navy,https://i5.walmartimages.com/asr/251710f5-f04b-4c2a-8f19-dc28f5a6dcc1_1.703792d3262064dc8774ab3e783f0bfc.jpeg,$72.64 - $88.99,Columbus Blue Jackets Mens Tempest Jacket (Color: Navy),No rating available,Columbus
,,,,,Blue
,,,,,Jackets
,,,,,Mens
,,,,,Jacket
,,,,,Team
,,,,,Color
,,,,,Navy
,,,,,Color
,,,,,Navy
Majestic Columbus Blue Jackets Prepared Play T Shirt Black,https://i5.walmartimages.com/asr/6fdf5a4b-7d1c-4c5d-b23c-c670790f2ab6_1.3a5d9da35f4079c42c8258acac110056.jpeg,$25.99,Majestic Columbus Blue Jackets Prepared Play T,No rating available,Majestic
,,,,,Columbus
,,,,,Blue
,,,,,Jackets
,,,,,Play
,,,,,T
,,,,,Shirt
,,,,,Black
Columbus Blue Jackets Bottle Opener Key Chain F,https://i5.walmartimages.com/asr/9772bdad-552b-4c4c-b1d0-4e2f53bd3b81_1.9e8f3ff4d9a844bf5de7ff1730fa5f7b.jpeg,$11.99,Columbus Blue Jackets Bottle Opener Key Chain (F),No rating available,Columbus
,,,,,Blue
,,,,,Jackets
,,,,,Bottle
,,,,,Opener
,,,,,Key
,,,,,Chain
SkootZ Wristband Columbus Blue Jackets,https://i5.walmartimages.com/asr/b1590f5f-029b-43f0-b8ae-94824cb81caa_1.da652e51d5ceb64d578468c11a00955b.jpeg,$4.70 - $5.00,"SkootZ Wristband, Columbus Blue Jackets",No rating available,SkootZ
,,,,,Wristband
,,,,,Columbus
,,,,,Blue
,,,,,Jackets
,,,,,Wristband
Pittsburgh Penguins Reebok NHL Blinder Long Sleeve Men s T Shirt,https://i5.walmartimages.com/asr/bfd730e6-4844-4d52-a318-bb6022f84302_1.b528586bf062be82b20baa23332e2017.jpeg,$19.95,"Pittsburgh Penguins Reebok NHL ""Blinder"" Long Sleeve Men's T",No rating available,Pittsburgh
,,,,,Penguins
,,,,,Reebok
,,,,,NHL
,,,,,Blinder
,,,,,Long
,,,,,Sleeve
,,,,,Men
,,,,,T
,,,,,Shirt
,,,,,Blinder
,,,,,Mens
NHL Pittsburgh Penguins Revolver Cap,https://i5.walmartimages.com/asr/e6fb4321-d8b0-48a2-b5d5-b095c153ee54_1.8bb5f92de963c6754f6cc111e97c2f91.jpeg,$14.97,NHL Pittsburgh Penguins Revolver Cap / Hat,4.5 out of 5,NHL
,,,,,Pittsburgh
,,,,,Penguins
,,,,,Revolver
,,,,,Cap
,,,,,Hat
Pittsburgh Penguins Majestic NHL 5 Minute Major Cool Base V neck Shirt,https://i5.walmartimages.com/asr/24ca441f-0e79-49d5-be97-baaf9885de86_1.b0e9f9171eb1ad38108bba725c665cfc.jpeg,$39.95,"Pittsburgh Penguins Majestic NHL ""5 Minute Major"" Cool Base V",No rating available,Pittsburgh
,,,,,Penguins
,,,,,Majestic
,,,,,NHL
,,,,,Minute
,,,,,Major
,,,,,Cool
,,,,,Base
,,,,,neck
,,,,,Shirt
,,,,,Major
Pittsburgh Penguins Oversize Plush Blanket,https://i5.walmartimages.com/asr/480aa55f-1021-438c-8f7b-478d7adb503c_1.5c117cb7dc00eaece7df9957a1f73be8.jpeg,$41.60,Pittsburgh Penguins Oversize Plush Blanket,No rating available,Pittsburgh
,,,,,Penguins
,,,,,Plush
,,,,,Blanket
Pittsburgh Penguins Beaded Neck Pillow,https://i5.walmartimages.com/asr/c3db3341-61a2-43dd-9ade-2777b8cfe6fb_1.3ebe806a225f481d26de8ed2acae0d4b.jpeg,$26.25,Pittsburgh Penguins Beaded Neck Pillow,No rating available,Pittsburgh
,,,,,Penguins
,,,,,Beaded
,,,,,Neck
,,,,,Pillow
New York Rangers Majestic NHL Raise the Level Men s Heathered S S T Shirt,https://i5.walmartimages.com/asr/51493589-d377-4b47-b9a4-e5f96ec61705_1.781cecc0571b8c3a2b48d3ea25e06860.jpeg,$19.95 - $27.95,New York Rangers NY Short Sleeve Vintage Tee,No rating available,New
,,,,,York
,,,,,Rangers
,,,,,Majestic
,,,,,NHL
,,,,,Raise
,,,,,Level
,,,,,Men
,,,,,Heathered
,,,,,T
,,,,,Shirt
,,,,,NY
,,,,,Short
,,,,,Sleeve
,,,,,Vintage
,,,,,Tee
NHL New York Rangers Revolver Cap,https://i5.walmartimages.com/asr/e89d78f4-ef02-4592-9b43-9d5f8bdc2290_1.31d497e0925596e12e7bfa72edcdaa5f.jpeg,$14.97,NHL New York Rangers Revolver Cap / Hat,4.5 out of 5,NHL
,,,,,New
,,,,,York
,,,,,Rangers
,,,,,Revolver
,,,,,Cap
,,,,,Hat
New York Rangers Majestic NHL Quick Play Cool Base V Neck Shirt,https://i5.walmartimages.com/asr/c074577e-909b-4ca1-aba4-7580f1a71cd1_1.ef969121ccd80bd9e8eba959febfeda6.jpeg,$24.95,Men's New York Rangers NY Synthetic V,No rating available,New
,,,,,York
,,,,,Rangers
,,,,,Majestic
,,,,,NHL
,,,,,Quick
,,,,,Play
,,,,,Cool
,,,,,Base
,,,,,Neck
,,,,,Shirt
,,,,,Mens
,,,,,NY
The Party Animal Inc New York Rangers Appliqu Banner Flag,https://i5.walmartimages.com/asr/1363729c-96c2-4a01-9ef3-60bbc2825c52_1.d01769befc8ae5a19d4ca4e694699cf7.jpeg,$29.29,NY Rangers Applique Banner Flag,No rating available,New
,,,,,York
,,,,,Rangers
,,,,,Banner
,,,,,Flag
,,,,,NY
,,,,,Applique
Fremont Die NHL Graphic Art,https://i5.walmartimages.com/asr/3d7eefee-8824-4fb3-ba2a-57e32fc064b9_1.8c6c5f31964a615116c92c0cb1b02e89.jpeg,$19.99,Fremont Die Inc New York Rangers Plastic Parking Sign Parking Sign,No rating available,Fremont
,,,,,Die
,,,,,NHL
,,,,,Graphic
,,,,,Art
,,,,,New
,,,,,York
,,,,,Rangers
,,,,,Plastic
,,,,,Parking
,,,,,Sign
NHL Philadelphia Flyers Basic Cap,https://i5.walmartimages.com/asr/adbc925c-3a85-49c0-8aec-83ba7a4606ce_1.d4a8cc65fc13e0fb0e5309ccb85313f6.jpeg,$9.47,NHL Philadelphia Flyers Basic Cap / Hat,4.8 out of 5,NHL
,,,,,Philadelphia
,,,,,Flyers
,,,,,Basic
,,,,,Cap
,,,,,Hat
NHL Philadelphia Flyers Men s Short Sleeve Impact Tee,https://i5.walmartimages.com/asr/e5c190c6-4e32-4fa4-bb87-6e58eb6b0e4e_1.e38eebaf2c4078e25de477bad6ac5ba0.jpeg,$13.88,NHL Philadelphia Flyers Men's Short Sleeve Impact Tee,No rating available,NHL
,,,,,Philadelphia
,,,,,Flyers
,,,,,Men
,,,,,Short
,,,,,Sleeve
,,,,,Impact
,,,,,Tee
,,,,,Mens
NHL Philadelphia Flyers Mens Synthetic Long Sleeve V Neck,https://i5.walmartimages.com/asr/b76a7309-09b7-4b61-b98e-a9d1ef0d47bd_1.dc488c45878a79629d8879904baec5c6.jpeg,$24.96,"NHL Philadelphia Flyers, Mens Synthetic Long Sleeve V Neck",No rating available,NHL
,,,,,Philadelphia
,,,,,Flyers
,,,,,Mens
,,,,,Long
,,,,,Sleeve
,,,,,Neck
,,,,,Flyers
Philadelphia Flyers CCM NHL Striped Logo Men s Crew Length Off White Socks,https://i5.walmartimages.com/asr/0e6181eb-056d-43da-8b2e-2e2f2465a36c_1.c7509da0d751c6125ad6a51cf965cff2.jpeg,$14.95,Philadelphia Flyers CCM NHL Striped Logo Men's Crew Length Off White Socks,No rating available,Philadelphia
,,,,,Flyers
,,,,,NHL
,,,,,Striped
,,,,,Logo
,,,,,Men
,,,,,Crew
,,,,,Length
,,,,,White
,,,,,Socks
,,,,,Mens
NHL 045 Philadelphia Flyers 46x60 Micro Raschel Throw,https://i5.walmartimages.com/asr/204db96c-feca-44fd-839e-bffcd4e03bea_1.140f9b7aea491cb34c425a56d5fc04e0.jpeg,$22.68,"NHL Philadelphia Flyers ""Ice Dash"" 46"" x 60"" Micro Raschel Throw",No rating available,NHL
,,,,,Philadelphia
,,,,,Flyers
,,,,,Micro
,,,,,Raschel
,,,,,Throw
Carolina Hurricanes Reebok NHL Primary Logo Men T Shirt Black,https://i5.walmartimages.com/asr/6dccaa6d-9df9-4793-b0e5-2e1b63b578d3_1.9b325347f4bc754a0a2c04e982d75d63.jpeg,$19.78,Carolina Hurricanes Reebok NHL Primary Logo Men T Shirt Black,No rating available,Carolina
,,,,,Hurricanes
,,,,,Reebok
,,,,,NHL
,,,,,Primary
,,,,,Logo
,,,,,Men
,,,,,T
,,,,,Shirt
,,,,,Black
NHL Grill Cover by Holland Bar Stool 60 Carolina Hurricanes,https://i5.walmartimages.com/asr/b5d2217a-6aaa-49b6-a2c0-2c98b7129cc3_1.fd73e68f3aa65a977244f1d25bdee89d.jpeg,$56.60,"NHL Grill Cover by Holland Bar Stool, 60''",No rating available,NHL
,,,,,Grill
,,,,,Cover
,,,,,Holland
,,,,,Bar
,,,,,Stool
,,,,,Carolina
,,,,,Hurricanes
,,,,,Stool
NHL Carolina Hurricanes Ice Dash 46 x 60 Micro Raschel Throw,https://i5.walmartimages.com/asr/009727e8-6eb9-49a2-8adf-bad5975b2003_1.0578a746f96d4f299106e261979f4158.jpeg,$22.68,"NHL Carolina Hurricanes ""Ice Dash"" 46"" x 60"" Micro Raschel Throw",No rating available,NHL
,,,,,Carolina
,,,,,Hurricanes
,,,,,Micro
,,,,,Raschel
,,,,,Throw
Carolina Hurricanes Official NHL 12 x6 Metal License Plate Frame,https://i5.walmartimages.com/asr/90845241-2488-45a5-82b3-b283395be5c7_1.6aaad71db434b7424138f0f5d282c3a8.jpeg,$8.30,Carolina Hurricanes Official NHL 12 inch x 6 inch Metal License Plate Frame by Wincraft,No rating available,Carolina
,,,,,Hurricanes
,,,,,Official
,,,,,NHL
,,,,,Metal
,,,,,License
,,,,,Plate
,,,,,Frame
,,,,,Wincraft
Carolina Hurricanes Bottle Opener Money Clip F,https://i5.walmartimages.com/asr/b2d63392-d1d0-4c61-8d4d-a23e3b347bb8_1.e39318f5f63c89c7e8559d888321753d.jpeg,$15.99,Carolina Hurricanes Bottle Opener Money Clip (F),No rating available,Carolina
,,,,,Hurricanes
,,,,,Bottle
,,,,,Opener
,,,,,Money
,,,,,Clip
Rafa,https://i5.walmartimages.com/asr/a7551e30-c938-4a5b-9835-e5598f95112c_1.9f7fc619a37a91cc8fbd6cb2e67b4d2a.jpeg,$11.63,Rafa,No rating available,Rafa
Rafael Nadal The Biography,https://i5.walmartimages.com/asr/3ce35e6c-8cc6-4e09-9cf6-12069c9e9896_1.13d127bfa90e3538adbc8adb6809ee52.jpeg,$12.95,Rafael Nadal: The Biography,No rating available,Rafael
,,,,,Nadal
,,,,,Biography
,,,,,Nadal
46227072,https://i5.walmartimages.com/asr/d0ddc111-6cf8-428d-8cf1-7a6def239389_1.82b932b5b0efb5cb55020d58eda61366.jpeg,$29.95,Rafael Nadal: 100 Success Facts,No rating available,Rafael
,,,,,Nadal
,,,,,Success
,,,,,Facts
Rafael Nadal Poster 24x36 tennis pro,https://i5.walmartimages.com/asr/a71aba02-5832-4d89-bb4c-4620cfa8b1aa_1.96e78cb637c01eb77d10e3b804babc68.jpeg,$14.88,Rafael Nadal Poster 24x36 tennis pro,No rating available,Rafael
,,,,,Nadal
,,,,,Poster
,,,,,tennis
,,,,,pro
Midway Memorabilia Rafael Nadal Tennis 8X10 Frame,https://i5.walmartimages.com/asr/9f464d5f-ef3d-4946-866a-6b3f9ba5b7db_1.3ccd45196d1cd0106b643cbf971aad66.jpeg,$70.82,Midway Memorabilia Rafael Nadal Tennis 8X10 Frame,No rating available,Midway
,,,,,Memorabilia
,,,,,Rafael
,,,,,Nadal
,,,,,Tennis
,,,,,Frame
Roger Federer,https://i5.walmartimages.com/asr/26dd46ce-f23c-4a05-8037-d1d81a91e686_1.065451df76034c84c4cddb59203e893c.jpeg,$6.08,Roger Federer,No rating available,Roger
,,,,,Federer
46226121,https://i5.walmartimages.com/asr/87391272-5293-427f-91e1-3cf4ef7fd441_1.93b0f7715f065d912dcc0ee32ba07936.jpeg,$6.99,Roger Federer: The Inspirational Story of Tennis Superstar Roger Federer,No rating available,Roger
,,,,,Federer
,,,,,Inspirational
,,,,,Story
,,,,,Tennis
,,,,,Superstar
,,,,,Federer
Fedegraphica Graphic Biography Genius Roger Federer,https://i5.walmartimages.com/asr/8d02c33d-49d2-498d-94bb-bb36983bb867_1.5888c09d5c5ff7baa4f289b0ad13b4f7.jpeg,$19.19,Fedegraphica: A Graphic Biography of the Genius of Roger Federer,No rating available,Fedegraphica
,,,,,Graphic
,,,,,Biography
,,,,,Genius
,,,,,Roger
,,,,,Federer
,,,,,Fedegraphica
Roger Federer Poster 24inx36in Poster,https://i5.walmartimages.com/asr/217caa64-e762-4e7a-a0d4-fceff0c63821_1.7753e1751a35a7c85d61ff05c4453934.jpeg,$14.88,Roger Federer Poster 24inx36in Poster,No rating available,Roger
,,,,,Federer
,,,,,Poster
,,,,,Poster
Nike Men s Roger Federer Tennis T Shirt Varsity Maize,https://i5.walmartimages.com/asr/8c047d80-1274-4a79-b45b-19084712d429_1.087ccb3bb6ca38903b0587fd8228794a.jpeg,$34.98,Nike Men's Roger Federer Tennis T,No rating available,Nike
,,,,,Men
,,,,,Roger
,,,,,Federer
,,,,,Tennis
,,,,,T
,,,,,Shirt
,,,,,Maize
,,,,,Mens
Serena Williams,https://i5.walmartimages.com/asr/f9564bd8-b484-4594-a68a-faadf078fa59_1.5ca9bd51f9c95953b4e48d9e98f46108.jpeg,$5.97,Serena Williams,No rating available,Serena
,,,,,Williams
Raising Tennis Aces The Williams Story,https://i5.walmartimages.com/asr/5ae0e96f-00bf-4691-b0ba-cd972642ba20_1.5c660c11e7172176722ad8d08e4ee6d1.jpeg,$7.98,Raising Tennis Aces: The Williams Story,5 out of 5,Raising
,,,,,Tennis
,,,,,Aces
,,,,,Williams
,,,,,Story
,,,,,Aces
Serena Williams 200 Success Facts Everything Need Know Serena Williams,https://i5.walmartimages.com/asr/b405061d-d83a-4bb2-bd35-df432c6c351d_1.96b4b3870bbc4b8a46773b06911604d2.jpeg,$29.98,Serena Williams 200 Success Facts: Everything You Need to Know About Serena Williams,No rating available,Serena
,,,,,Williams
,,,,,Success
,,,,,Facts
,,,,,Everything
,,,,,Need
,,,,,Know
,,,,,Serena
,,,,,Williams
,,,,,Facts
,,,,,You
Serena Williams Poster 24inx36in Poster,https://i5.walmartimages.com/asr/b8882d4e-1760-4482-9464-fbada224189c_1.38bbad1a0b49379fa1c1734e07ff7174.jpeg,$14.88,Serena Williams Poster 24inx36in Poster,No rating available,Serena
,,,,,Williams
,,,,,Poster
,,,,,Poster
Serena Williams A Champion on and Off the Court,https://i5.walmartimages.com/asr/65fac133-20f9-4248-833a-585f282f9079_1.5c4780c8a91fd70693047b5cbc861c0d.jpeg,$4.55,Serena Williams: A Champion on and off the Court,No rating available,Serena
,,,,,Williams
,,,,,Champion
,,,,,Court
,,,,,Williams
28818700,https://i5.walmartimages.com/asr/cec00214-fe3e-407e-a97b-f8b0bff933d5_1.28fe3a51c3867cb6f206137be2868889.jpeg,$7.95,Maria Sharapova (Revised Edition),No rating available,Maria
,,,,,Sharapova
,,,,,Edition
Nike Womens Dri Fit Premier Maria Sharapova Tennis Tank Top Fuschia Pink,https://i5.walmartimages.com/asr/a9bd9562-6a1b-466d-9b35-0b367a8839a9_1.12713630e4e400e32fa1d7ca3324d965.jpeg,$35.99,Nike Womens Dri,No rating available,Nike
,,,,,Womens
,,,,,Dri
,,,,,Fit
,,,,,Premier
,,,,,Maria
,,,,,Sharapova
,,,,,Tennis
,,,,,Tank
,,,,,Top
,,,,,Fuschia
,,,,,Pink
Nike Womens Maria Sharapova Tennis Court Premier Skort White,https://i5.walmartimages.com/asr/e607ab57-25c4-4ff7-8d0d-0e6efad1aa3a_1.d5d199444d063a9fefa63cf8fb00a171.jpeg,$40.49,Nike Womens Maria Sharapova Tennis Court Premier Skort White,No rating available,Nike
,,,,,Womens
,,,,,Maria
,,,,,Sharapova
,,,,,Tennis
,,,,,Court
,,,,,Premier
,,,,,Skirt
,,,,,White
Maria Sharapova 140652 Eau De Parfum Spray 1.7 ounce,https://i5.walmartimages.com/asr/16b1ada3-eba7-4adc-bdaa-977528b26dd0_1.0bfe521b39a8f14d429f55f653af9d67.jpeg,$17.09,Maria Sharapova Eau De Parfum Spray 1.7 Oz By Maria Sharapova,No rating available,Maria
,,,,,Sharapova
,,,,,Eau
,,,,,De
,,,,,Parfum
,,,,,Spray
Maria Sharapova Poster Sexy Legs,https://i5.walmartimages.com/asr/2b00ffb0-776c-4463-9c73-4f800422fad6_1.b4eeba5eb59e269aedf747c9051afe65.jpeg,$14.88,Maria Sharapova Poster Sexy Legs,No rating available,Maria
,,,,,Sharapova
,,,,,Poster
,,,,,Sexy
,,,,,Legs
Novak Djokovic,https://i5.walmartimages.com/asr/c58b700b-c44e-4d32-81de-b3bd85bc2a14_1.54fb32a9d4621189da3471b4d1146dad.jpeg,$7.99,Novak Djokovic,No rating available,Novak
,,,,,Djokovic
Novak Djokovic and the Rise of Serbia The Sporting Statesman,https://i5.walmartimages.com/asr/be3b03af-4bee-48f7-bdad-f296c2e182cc_1.83cefa04ee622f96b06b558d11d7ac69.jpeg,$20.72,Novak Djokovic and the Rise of Serbia: The Sporting Statesman,No rating available,Novak
,,,,,Djokovic
,,,,,Rise
,,,,,Serbia
,,,,,Sporting
,,,,,Statesman
,,,,,Serbia
Serve to Win The 14 Day Gluten Free Plan for Physical and Mental Excellence,https://i5.walmartimages.com/asr/6098d3bd-7bc4-4424-b228-2ee9ee25bb95_1.ea99e78437f92220627d609b6615d468.jpeg,$18.57,Serve to Win: The 14,No rating available,Serve
,,,,,Win
,,,,,Day
,,,,,Gluten
,,,,,Free
,,,,,Plan
,,,,,Physical
,,,,,Mental
,,,,,Excellence
,,,,,Win
